,,0
I see myself as someone who  [... does a thorough job],"Consider expectations toward Pepper robot and express how much do you agree with the properties attributed to it (scale: 0%-100%, scroll in to see all the options).  [Act consistenly]",0.9999999999999998
Please rate your impression of the robot you just interacted with by selecting a point on the scale between the two adjectives. There are no right or wrong answers. .1,"Consider expectations toward Pepper robot and express how much do you agree with the properties attributed to it (scale: 0%-100%, scroll in to see all the options).  [Function successfully]",0.9999999999999998
"Consider expectations toward Pepper robot and express how much do you agree with the properties attributed to it (scale: 0%-100%, scroll in to see all the options).  [Act consistenly]",I see myself as someone who  [... does a thorough job],0.9999999999999998
"Consider expectations toward Pepper robot and express how much do you agree with the properties attributed to it (scale: 0%-100%, scroll in to see all the options).  [Function successfully]",Please rate your impression of the robot you just interacted with by selecting a point on the scale between the two adjectives. There are no right or wrong answers. .1,0.9999999999999998
Please rate your impression of the robot you just interacted with by selecting a point on the scale between the two adjectives. There are no right or wrong answers. .5,Please rate your impression of the robot you just interacted with by selecting a point on the scale between the two adjectives. There are no right or wrong answers. ,0.9961164901835046
Please rate your impression of the robot you just interacted with by selecting a point on the scale between the two adjectives. There are no right or wrong answers. ,Please rate your impression of the robot you just interacted with by selecting a point on the scale between the two adjectives. There are no right or wrong answers. .3,0.9961164901835046
Please rate your impression of the robot you just interacted with by selecting a point on the scale between the two adjectives. There are no right or wrong answers. ,Please rate your impression of the robot you just interacted with by selecting a point on the scale between the two adjectives. There are no right or wrong answers. .5,0.9961164901835046
Please rate your impression of the robot you just interacted with by selecting a point on the scale between the two adjectives. There are no right or wrong answers. .3,Please rate your impression of the robot you just interacted with by selecting a point on the scale between the two adjectives. There are no right or wrong answers. ,0.9961164901835046
mean_cultural_closeness,Please rate your impression of the robot you just interacted with by selecting a point on the scale between the two adjectives. There are no right or wrong answers. ,0.9957974981203138
Please rate your impression of the robot you just interacted with by selecting a point on the scale between the two adjectives. There are no right or wrong answers. ,mean_cultural_closeness,0.9957974981203138
mean_cultural_closeness,Please rate your impression of the robot you just interacted with by selecting a point on the scale between the two adjectives. There are no right or wrong answers. .5,0.9931459096297017
mean_cultural_closeness,Please rate your impression of the robot you just interacted with by selecting a point on the scale between the two adjectives. There are no right or wrong answers. .3,0.9931459096297017
Please rate your impression of the robot you just interacted with by selecting a point on the scale between the two adjectives. There are no right or wrong answers. .5,mean_cultural_closeness,0.9931459096297017
Please rate your impression of the robot you just interacted with by selecting a point on the scale between the two adjectives. There are no right or wrong answers. .3,mean_cultural_closeness,0.9931459096297017
Which picture best describes the relationship between Pepper and your own preferences? ,Please rate your impression of the robot you just interacted with by selecting a point on the scale between the two adjectives. There are no right or wrong answers. .3,0.9847319278346618
Please rate your impression of the robot you just interacted with by selecting a point on the scale between the two adjectives. There are no right or wrong answers. .3,Which picture best describes the relationship between Pepper and your own preferences? ,0.9847319278346618
Which picture best describes the relationship between Pepper and your own preferences? ,Please rate your impression of the robot you just interacted with by selecting a point on the scale between the two adjectives. There are no right or wrong answers. .5,0.9847319278346618
Please rate your impression of the robot you just interacted with by selecting a point on the scale between the two adjectives. There are no right or wrong answers. .5,Which picture best describes the relationship between Pepper and your own preferences? ,0.9847319278346618
I see myself as someone who  [... tends to be lazy],"Consider expectations toward Pepper robot and express how much do you agree with the properties attributed to it (scale: 0%-100%, scroll in to see all the options).  [Have errors]",0.9838699100999075
"Consider expectations toward Pepper robot and express how much do you agree with the properties attributed to it (scale: 0%-100%, scroll in to see all the options).  [Have errors]",I see myself as someone who  [... tends to be lazy],0.9838699100999075
I see myself as someone who  [... tends to be lazy],Please rate your impression of the robot you just interacted with by selecting a point on the scale between the two adjectives. There are no right or wrong answers. .4,0.9827076298239908
Please rate your impression of the robot you just interacted with by selecting a point on the scale between the two adjectives. There are no right or wrong answers. .4,I see myself as someone who  [... tends to be lazy],0.9827076298239908
mean_competence,Which picture best describes the relationship between Pepper and your country? ,0.9803808431868708
Which picture best describes the relationship between Pepper and your country? ,mean_competence,0.9803808431868708
"Consider expectations toward Pepper robot and express how much do you agree with the properties attributed to it (scale: 0%-100%, scroll in to see all the options).  [Have errors]",Please rate your impression of the robot you just interacted with by selecting a point on the scale between the two adjectives. There are no right or wrong answers. .4,0.9803789354850792
Please rate your impression of the robot you just interacted with by selecting a point on the scale between the two adjectives. There are no right or wrong answers. .4,"Consider expectations toward Pepper robot and express how much do you agree with the properties attributed to it (scale: 0%-100%, scroll in to see all the options).  [Have errors]",0.9803789354850792
I see myself as someone who  [... has few artistic interests],mean_personality_subj,0.979526092372616
mean_personality_subj,I see myself as someone who  [... has few artistic interests],0.979526092372616
"Consider expectations toward Pepper robot and express how much do you agree with the properties attributed to it (scale: 0%-100%, scroll in to see all the options).  [Follow directions]",mean_trust_subj,0.9747994963195591
mean_trust_subj,"Consider expectations toward Pepper robot and express how much do you agree with the properties attributed to it (scale: 0%-100%, scroll in to see all the options).  [Follow directions]",0.9747994963195591
"Consider expectations toward Pepper robot and express how much do you agree with the properties attributed to it (scale: 0%-100%, scroll in to see all the options).  [Unresponsive]",mean_trust_subj,0.9747994963195589
mean_trust_subj,"Consider expectations toward Pepper robot and express how much do you agree with the properties attributed to it (scale: 0%-100%, scroll in to see all the options).  [Unresponsive]",0.9747994963195589
Which picture best describes the relationship between Pepper and your national culture? ,mean_trust_subj,0.9747994963195588
mean_trust_subj,Which picture best describes the relationship between Pepper and your national culture? ,0.9747994963195588
"Consider expectations toward Pepper robot and express how much do you agree with the properties attributed to it (scale: 0%-100%, scroll in to see all the options).  [Malfunction]",mean_trust_subj,0.9747994963195586
mean_trust_subj,"Consider expectations toward Pepper robot and express how much do you agree with the properties attributed to it (scale: 0%-100%, scroll in to see all the options).  [Malfunction]",0.9747994963195586
mean_competence,mean_trust_subj,0.9734361932581712
mean_trust_subj,mean_competence,0.9734361932581712
I see myself as someone who  [... get nervous easily],"Consider expectations toward Pepper robot and express how much do you agree with the properties attributed to it (scale: 0%-100%, scroll in to see all the options).  [Dependable]",0.9733285267845752
Which picture best describes the relationship between Pepper and your country? ,"Consider expectations toward Pepper robot and express how much do you agree with the properties attributed to it (scale: 0%-100%, scroll in to see all the options).  [Provide appropriate information]",0.9733285267845752
"Consider expectations toward Pepper robot and express how much do you agree with the properties attributed to it (scale: 0%-100%, scroll in to see all the options).  [Dependable]",I see myself as someone who  [... get nervous easily],0.9733285267845752
"Consider expectations toward Pepper robot and express how much do you agree with the properties attributed to it (scale: 0%-100%, scroll in to see all the options).  [Provide appropriate information]",Which picture best describes the relationship between Pepper and your country? ,0.9733285267845752
Please rate your impression of the robot you just interacted with by selecting a point on the scale between the two adjectives. There are no right or wrong answers. .2,neuroticism,0.9710607611177229
neuroticism,Please rate your impression of the robot you just interacted with by selecting a point on the scale between the two adjectives. There are no right or wrong answers. .2,0.9710607611177229
mean_cultural_closeness,Which picture best describes the relationship between Pepper and your country? ,0.9693312674859769
Which picture best describes the relationship between Pepper and your country? ,mean_cultural_closeness,0.9693312674859769
"Consider expectations toward Pepper robot and express how much do you agree with the properties attributed to it (scale: 0%-100%, scroll in to see all the options).  [Provide Feedback]","Consider expectations toward Pepper robot and express how much do you agree with the properties attributed to it (scale: 0%-100%, scroll in to see all the options).  [Communicate with people]",0.9684959969581864
"Consider expectations toward Pepper robot and express how much do you agree with the properties attributed to it (scale: 0%-100%, scroll in to see all the options).  [Communicate with people]","Consider expectations toward Pepper robot and express how much do you agree with the properties attributed to it (scale: 0%-100%, scroll in to see all the options).  [Provide Feedback]",0.9684959969581864
"Consider expectations toward Pepper robot and express how much do you agree with the properties attributed to it (scale: 0%-100%, scroll in to see all the options).  [Follow directions]",Please rate your impression of the robot you just interacted with by selecting a point on the scale between the two adjectives. There are no right or wrong answers. ,0.9684959969581863
Please rate your impression of the robot you just interacted with by selecting a point on the scale between the two adjectives. There are no right or wrong answers. ,"Consider expectations toward Pepper robot and express how much do you agree with the properties attributed to it (scale: 0%-100%, scroll in to see all the options).  [Follow directions]",0.9684959969581863
Which picture best describes the relationship between Pepper and your national culture? ,Please rate your impression of the robot you just interacted with by selecting a point on the scale between the two adjectives. There are no right or wrong answers. ,0.9684959969581862
Please rate your impression of the robot you just interacted with by selecting a point on the scale between the two adjectives. There are no right or wrong answers. ,Which picture best describes the relationship between Pepper and your national culture? ,0.9684959969581862
"Consider expectations toward Pepper robot and express how much do you agree with the properties attributed to it (scale: 0%-100%, scroll in to see all the options).  [Unresponsive]",Please rate your impression of the robot you just interacted with by selecting a point on the scale between the two adjectives. There are no right or wrong answers. ,0.9684959969581861
Please rate your impression of the robot you just interacted with by selecting a point on the scale between the two adjectives. There are no right or wrong answers. ,"Consider expectations toward Pepper robot and express how much do you agree with the properties attributed to it (scale: 0%-100%, scroll in to see all the options).  [Unresponsive]",0.9684959969581861
"Consider expectations toward Pepper robot and express how much do you agree with the properties attributed to it (scale: 0%-100%, scroll in to see all the options).  [Malfunction]",Please rate your impression of the robot you just interacted with by selecting a point on the scale between the two adjectives. There are no right or wrong answers. ,0.968495996958186
I see myself as someone who  [... tends to find fault with others],"Consider expectations toward Pepper robot and express how much do you agree with the properties attributed to it (scale: 0%-100%, scroll in to see all the options).  [Communicate with people]",0.968495996958186
Please rate your impression of the robot you just interacted with by selecting a point on the scale between the two adjectives. There are no right or wrong answers. ,"Consider expectations toward Pepper robot and express how much do you agree with the properties attributed to it (scale: 0%-100%, scroll in to see all the options).  [Malfunction]",0.968495996958186
"Consider expectations toward Pepper robot and express how much do you agree with the properties attributed to it (scale: 0%-100%, scroll in to see all the options).  [Communicate with people]",I see myself as someone who  [... tends to find fault with others],0.968495996958186
neuroticism,Please rate your impression of the robot you just interacted with by selecting a point on the scale between the two adjectives. There are no right or wrong answers. .4,0.9683296637314885
Please rate your impression of the robot you just interacted with by selecting a point on the scale between the two adjectives. There are no right or wrong answers. .4,neuroticism,0.9683296637314885
Which picture best describes the relationship between Pepper and your own preferences? ,Please rate your impression of the robot you just interacted with by selecting a point on the scale between the two adjectives. There are no right or wrong answers. ,0.9655810287305759
Please rate your impression of the robot you just interacted with by selecting a point on the scale between the two adjectives. There are no right or wrong answers. ,Which picture best describes the relationship between Pepper and your own preferences? ,0.9655810287305759
mean_cultural_closeness,Which picture best describes the relationship between Pepper and your own preferences? ,0.9651142956027288
Which picture best describes the relationship between Pepper and your own preferences? ,mean_cultural_closeness,0.9651142956027288
neuroticism,mean_competence,0.9636477675431212
mean_competence,neuroticism,0.9636477675431212
I see myself as someone who  [... has active imagination],"Consider expectations toward Pepper robot and express how much do you agree with the properties attributed to it (scale: 0%-100%, scroll in to see all the options).  [Perform exactly as instructed]",0.9622504486493764
"Consider expectations toward Pepper robot and express how much do you agree with the properties attributed to it (scale: 0%-100%, scroll in to see all the options).  [Perform exactly as instructed]",I see myself as someone who  [... has active imagination],0.9622504486493764
"Consider expectations toward Pepper robot and express how much do you agree with the properties attributed to it (scale: 0%-100%, scroll in to see all the options).  [Meet the needs of the mission]","Consider expectations toward Pepper robot and express how much do you agree with the properties attributed to it (scale: 0%-100%, scroll in to see all the options).  [Perform exactly as instructed]",0.9622504486493759
"Consider expectations toward Pepper robot and express how much do you agree with the properties attributed to it (scale: 0%-100%, scroll in to see all the options).  [Perform exactly as instructed]","Consider expectations toward Pepper robot and express how much do you agree with the properties attributed to it (scale: 0%-100%, scroll in to see all the options).  [Meet the needs of the mission]",0.9622504486493759
Which picture best describes the relationship between Pepper and your national culture? ,mean_cultural_closeness,0.9609876522409448
mean_cultural_closeness,"Consider expectations toward Pepper robot and express how much do you agree with the properties attributed to it (scale: 0%-100%, scroll in to see all the options).  [Follow directions]",0.9609876522409448
mean_cultural_closeness,Which picture best describes the relationship between Pepper and your national culture? ,0.9609876522409448
"Consider expectations toward Pepper robot and express how much do you agree with the properties attributed to it (scale: 0%-100%, scroll in to see all the options).  [Follow directions]",mean_cultural_closeness,0.9609876522409448
mean_cultural_closeness,"Consider expectations toward Pepper robot and express how much do you agree with the properties attributed to it (scale: 0%-100%, scroll in to see all the options).  [Unresponsive]",0.9609876522409447
"Consider expectations toward Pepper robot and express how much do you agree with the properties attributed to it (scale: 0%-100%, scroll in to see all the options).  [Unresponsive]",mean_cultural_closeness,0.9609876522409447
mean_cultural_closeness,"Consider expectations toward Pepper robot and express how much do you agree with the properties attributed to it (scale: 0%-100%, scroll in to see all the options).  [Malfunction]",0.9609876522409446
"Consider expectations toward Pepper robot and express how much do you agree with the properties attributed to it (scale: 0%-100%, scroll in to see all the options).  [Malfunction]",mean_cultural_closeness,0.9609876522409446
mean_trust_subj,Please rate your impression of the robot you just interacted with by selecting a point on the scale between the two adjectives. There are no right or wrong answers. .4,0.9601175948292595
Please rate your impression of the robot you just interacted with by selecting a point on the scale between the two adjectives. There are no right or wrong answers. .4,mean_trust_subj,0.9601175948292595
"Consider expectations toward Pepper robot and express how much do you agree with the properties attributed to it (scale: 0%-100%, scroll in to see all the options).  [Predictable]","Consider expectations toward Pepper robot and express how much do you agree with the properties attributed to it (scale: 0%-100%, scroll in to see all the options).  [Provide appropriate information]",0.9561828874675151
"Consider expectations toward Pepper robot and express how much do you agree with the properties attributed to it (scale: 0%-100%, scroll in to see all the options).  [Provide appropriate information]","Consider expectations toward Pepper robot and express how much do you agree with the properties attributed to it (scale: 0%-100%, scroll in to see all the options).  [Predictable]",0.9561828874675151
I see myself as someone who  [... is generally trusting],agreebleness,0.9561828874675149
agreebleness,I see myself as someone who  [... is generally trusting],0.9561828874675149
neuroticism,mean_trust_subj,0.9534649110255766
mean_trust_subj,neuroticism,0.9534649110255766
"I see myself as someone who  [... is ongoing, sociable]",Which picture best describes your relationship with Italian or German Culture?,0.9486832980505138
I see myself as someone who  [... is generally trusting],"I see myself as someone who  [... is ongoing, sociable]",0.9486832980505138
Which picture best describes your relationship with Italian or German Culture?,"I see myself as someone who  [... is ongoing, sociable]",0.9486832980505138
"I see myself as someone who  [... is ongoing, sociable]",I see myself as someone who  [... is generally trusting],0.9486832980505138
"Consider expectations toward Pepper robot and express how much do you agree with the properties attributed to it (scale: 0%-100%, scroll in to see all the options).  [Follow directions]",mean_competence,0.9468110997118261
mean_competence,"Consider expectations toward Pepper robot and express how much do you agree with the properties attributed to it (scale: 0%-100%, scroll in to see all the options).  [Follow directions]",0.9468110997118261
"Consider expectations toward Pepper robot and express how much do you agree with the properties attributed to it (scale: 0%-100%, scroll in to see all the options).  [Malfunction]",mean_competence,0.946811099711826
Which picture best describes the relationship between Pepper and your national culture? ,mean_competence,0.946811099711826
mean_competence,"Consider expectations toward Pepper robot and express how much do you agree with the properties attributed to it (scale: 0%-100%, scroll in to see all the options).  [Malfunction]",0.946811099711826
mean_competence,Which picture best describes the relationship between Pepper and your national culture? ,0.946811099711826
"Consider expectations toward Pepper robot and express how much do you agree with the properties attributed to it (scale: 0%-100%, scroll in to see all the options).  [Unresponsive]",mean_competence,0.9468110997118259
mean_competence,"Consider expectations toward Pepper robot and express how much do you agree with the properties attributed to it (scale: 0%-100%, scroll in to see all the options).  [Unresponsive]",0.9468110997118259
"Consider expectations toward Pepper robot and express how much do you agree with the properties attributed to it (scale: 0%-100%, scroll in to see all the options).  [Perform exactly as instructed]","Consider expectations toward Pepper robot and express how much do you agree with the properties attributed to it (scale: 0%-100%, scroll in to see all the options).  [Reliable]",0.9467292624062575
"Consider expectations toward Pepper robot and express how much do you agree with the properties attributed to it (scale: 0%-100%, scroll in to see all the options).  [Reliable]","Consider expectations toward Pepper robot and express how much do you agree with the properties attributed to it (scale: 0%-100%, scroll in to see all the options).  [Perform exactly as instructed]",0.9467292624062575
"I see myself as someone who  [... is ongoing, sociable]",agreebleness,0.944911182523068
agreebleness,"I see myself as someone who  [... is ongoing, sociable]",0.944911182523068
Which picture best describes the relationship between Pepper and your country? ,Please rate your impression of the robot you just interacted with by selecting a point on the scale between the two adjectives. There are no right or wrong answers. ,0.9446104285307815
Please rate your impression of the robot you just interacted with by selecting a point on the scale between the two adjectives. There are no right or wrong answers. ,Which picture best describes the relationship between Pepper and your country? ,0.9446104285307815
I see myself as someone who  [... has few artistic interests],"I see myself as someone who  [... is relaxed, handles stress well]",0.9438798074485389
extraversion,Which picture best describes your relationship with Italian or German Culture?,0.9438798074485389
Which picture best describes your relationship with Italian or German Culture?,extraversion,0.9438798074485389
"I see myself as someone who  [... is relaxed, handles stress well]",I see myself as someone who  [... is generally trusting],0.9438798074485389
neuroticism,I see myself as someone who  [... tends to be lazy],0.9438798074485389
I see myself as someone who  [... tends to be lazy],neuroticism,0.9438798074485389
I see myself as someone who  [... is generally trusting],"I see myself as someone who  [... is relaxed, handles stress well]",0.9438798074485389
"I see myself as someone who  [... is relaxed, handles stress well]",I see myself as someone who  [... has few artistic interests],0.9438798074485389
"Consider expectations toward Pepper robot and express how much do you agree with the properties attributed to it (scale: 0%-100%, scroll in to see all the options).  [Follow directions]",Please rate your impression of the robot you just interacted with by selecting a point on the scale between the two adjectives. There are no right or wrong answers. .5,0.9428090415820636
Please rate your impression of the robot you just interacted with by selecting a point on the scale between the two adjectives. There are no right or wrong answers. .3,"Consider expectations toward Pepper robot and express how much do you agree with the properties attributed to it (scale: 0%-100%, scroll in to see all the options).  [Follow directions]",0.9428090415820636
Please rate your impression of the robot you just interacted with by selecting a point on the scale between the two adjectives. There are no right or wrong answers. .5,"Consider expectations toward Pepper robot and express how much do you agree with the properties attributed to it (scale: 0%-100%, scroll in to see all the options).  [Follow directions]",0.9428090415820636
"Consider expectations toward Pepper robot and express how much do you agree with the properties attributed to it (scale: 0%-100%, scroll in to see all the options).  [Follow directions]",Please rate your impression of the robot you just interacted with by selecting a point on the scale between the two adjectives. There are no right or wrong answers. .3,0.9428090415820636
Please rate your impression of the robot you just interacted with by selecting a point on the scale between the two adjectives. There are no right or wrong answers. .3,"Consider expectations toward Pepper robot and express how much do you agree with the properties attributed to it (scale: 0%-100%, scroll in to see all the options).  [Unresponsive]",0.9428090415820635
"Consider expectations toward Pepper robot and express how much do you agree with the properties attributed to it (scale: 0%-100%, scroll in to see all the options).  [Unresponsive]",Please rate your impression of the robot you just interacted with by selecting a point on the scale between the two adjectives. There are no right or wrong answers. .5,0.9428090415820635
Please rate your impression of the robot you just interacted with by selecting a point on the scale between the two adjectives. There are no right or wrong answers. .5,"Consider expectations toward Pepper robot and express how much do you agree with the properties attributed to it (scale: 0%-100%, scroll in to see all the options).  [Unresponsive]",0.9428090415820635
"Consider expectations toward Pepper robot and express how much do you agree with the properties attributed to it (scale: 0%-100%, scroll in to see all the options).  [Unresponsive]",Please rate your impression of the robot you just interacted with by selecting a point on the scale between the two adjectives. There are no right or wrong answers. .3,0.9428090415820635
Which picture best describes the relationship between Pepper and your national culture? ,Please rate your impression of the robot you just interacted with by selecting a point on the scale between the two adjectives. There are no right or wrong answers. .3,0.9428090415820634
Which picture best describes the relationship between Pepper and your national culture? ,Please rate your impression of the robot you just interacted with by selecting a point on the scale between the two adjectives. There are no right or wrong answers. .5,0.9428090415820634
Please rate your impression of the robot you just interacted with by selecting a point on the scale between the two adjectives. There are no right or wrong answers. .3,Which picture best describes the relationship between Pepper and your national culture? ,0.9428090415820634
Please rate your impression of the robot you just interacted with by selecting a point on the scale between the two adjectives. There are no right or wrong answers. .5,Which picture best describes the relationship between Pepper and your national culture? ,0.9428090415820634
"Consider expectations toward Pepper robot and express how much do you agree with the properties attributed to it (scale: 0%-100%, scroll in to see all the options).  [Malfunction]",Please rate your impression of the robot you just interacted with by selecting a point on the scale between the two adjectives. There are no right or wrong answers. .5,0.9428090415820632
Please rate your impression of the robot you just interacted with by selecting a point on the scale between the two adjectives. There are no right or wrong answers. .5,"Consider expectations toward Pepper robot and express how much do you agree with the properties attributed to it (scale: 0%-100%, scroll in to see all the options).  [Malfunction]",0.9428090415820632
"Consider expectations toward Pepper robot and express how much do you agree with the properties attributed to it (scale: 0%-100%, scroll in to see all the options).  [Malfunction]",Please rate your impression of the robot you just interacted with by selecting a point on the scale between the two adjectives. There are no right or wrong answers. .3,0.9428090415820632
Please rate your impression of the robot you just interacted with by selecting a point on the scale between the two adjectives. There are no right or wrong answers. .3,"Consider expectations toward Pepper robot and express how much do you agree with the properties attributed to it (scale: 0%-100%, scroll in to see all the options).  [Malfunction]",0.9428090415820632
I see myself as someone who  [... tends to be lazy],Please rate your impression of the robot you just interacted with by selecting a point on the scale between the two adjectives. There are no right or wrong answers. .2,0.9393364366277243
Please rate your impression of the robot you just interacted with by selecting a point on the scale between the two adjectives. There are no right or wrong answers. .2,I see myself as someone who  [... tends to be lazy],0.9393364366277243
Please rate your impression of the robot you just interacted with by selecting a point on the scale between the two adjectives. There are no right or wrong answers. .3,Which picture best describes the relationship between Pepper and your country? ,0.936585811581694
Which picture best describes the relationship between Pepper and your country? ,Please rate your impression of the robot you just interacted with by selecting a point on the scale between the two adjectives. There are no right or wrong answers. .3,0.936585811581694
Which picture best describes the relationship between Pepper and your country? ,Please rate your impression of the robot you just interacted with by selecting a point on the scale between the two adjectives. There are no right or wrong answers. .5,0.936585811581694
Please rate your impression of the robot you just interacted with by selecting a point on the scale between the two adjectives. There are no right or wrong answers. .5,Which picture best describes the relationship between Pepper and your country? ,0.936585811581694
mean_cultural_closeness,mean_competence,0.9364394335161357
mean_competence,mean_cultural_closeness,0.9364394335161357
mean_competence,"Consider expectations toward Pepper robot and express how much do you agree with the properties attributed to it (scale: 0%-100%, scroll in to see all the options).  [Provide appropriate information]",0.9310673302215753
"Consider expectations toward Pepper robot and express how much do you agree with the properties attributed to it (scale: 0%-100%, scroll in to see all the options).  [Provide appropriate information]",mean_competence,0.9310673302215753
Which picture best describes the relationship between Pepper and your country? ,"Consider expectations toward Pepper robot and express how much do you agree with the properties attributed to it (scale: 0%-100%, scroll in to see all the options).  [Follow directions]",0.9271726499455308
"Consider expectations toward Pepper robot and express how much do you agree with the properties attributed to it (scale: 0%-100%, scroll in to see all the options).  [Follow directions]",Which picture best describes the relationship between Pepper and your country? ,0.9271726499455308
"Consider expectations toward Pepper robot and express how much do you agree with the properties attributed to it (scale: 0%-100%, scroll in to see all the options).  [Unresponsive]",Which picture best describes the relationship between Pepper and your country? ,0.9271726499455307
Which picture best describes the relationship between Pepper and your country? ,"Consider expectations toward Pepper robot and express how much do you agree with the properties attributed to it (scale: 0%-100%, scroll in to see all the options).  [Unresponsive]",0.9271726499455307
"Consider expectations toward Pepper robot and express how much do you agree with the properties attributed to it (scale: 0%-100%, scroll in to see all the options).  [Malfunction]",Which picture best describes the relationship between Pepper and your country? ,0.9271726499455306
Which picture best describes the relationship between Pepper and your country? ,"Consider expectations toward Pepper robot and express how much do you agree with the properties attributed to it (scale: 0%-100%, scroll in to see all the options).  [Malfunction]",0.9271726499455306
Which picture best describes the relationship between Pepper and your country? ,Which picture best describes the relationship between Pepper and your national culture? ,0.9271726499455305
Which picture best describes the relationship between Pepper and your national culture? ,Which picture best describes the relationship between Pepper and your country? ,0.9271726499455305
"Consider expectations toward Pepper robot and express how much do you agree with the properties attributed to it (scale: 0%-100%, scroll in to see all the options).  [Dependable]",I see myself as someone who  [... is reserved ],0.9271726499455303
I see myself as someone who  [... is reserved ],"Consider expectations toward Pepper robot and express how much do you agree with the properties attributed to it (scale: 0%-100%, scroll in to see all the options).  [Dependable]",0.9271726499455303
mean_cultural_closeness_subj,agreebleness,0.9258200997725516
agreebleness,mean_cultural_closeness_subj,0.9258200997725516
Please rate your impression of the robot you just interacted with by selecting a point on the scale between the two adjectives. There are no right or wrong answers. .2,Please rate your impression of the robot you just interacted with by selecting a point on the scale between the two adjectives. There are no right or wrong answers. .4,0.9230930832457441
Please rate your impression of the robot you just interacted with by selecting a point on the scale between the two adjectives. There are no right or wrong answers. .4,Please rate your impression of the robot you just interacted with by selecting a point on the scale between the two adjectives. There are no right or wrong answers. .2,0.9230930832457441
mean_trust_subj,Which picture best describes the relationship between Pepper and your country? ,0.9225363998654459
Which picture best describes the relationship between Pepper and your country? ,mean_trust_subj,0.9225363998654459
Please rate your impression of the robot you just interacted with by selecting a point on the scale between the two adjectives. There are no right or wrong answers. ,mean_competence,0.9145488309220716
mean_competence,Please rate your impression of the robot you just interacted with by selecting a point on the scale between the two adjectives. There are no right or wrong answers. ,0.9145488309220716
mean_competence,Please rate your impression of the robot you just interacted with by selecting a point on the scale between the two adjectives. There are no right or wrong answers. .4,0.9125274144438846
Please rate your impression of the robot you just interacted with by selecting a point on the scale between the two adjectives. There are no right or wrong answers. .4,mean_competence,0.9125274144438846
mean_trust_subj,mean_cultural_closeness,0.9078563399072748
mean_cultural_closeness,mean_trust_subj,0.9078563399072748
mean_cultural_closeness,"Consider expectations toward Pepper robot and express how much do you agree with the properties attributed to it (scale: 0%-100%, scroll in to see all the options).  [Provide appropriate information]",0.9053574604251852
"Consider expectations toward Pepper robot and express how much do you agree with the properties attributed to it (scale: 0%-100%, scroll in to see all the options).  [Provide appropriate information]",mean_cultural_closeness,0.9053574604251852
openness,Which picture best describes the relationship between Pepper and your own preferences? ,0.9045340337332909
Which picture best describes the relationship between Pepper and your own preferences? ,openness,0.9045340337332909
"Consider expectations toward Pepper robot and express how much do you agree with the properties attributed to it (scale: 0%-100%, scroll in to see all the options).  [Have errors]",neuroticism,0.9045340337332908
neuroticism,"Consider expectations toward Pepper robot and express how much do you agree with the properties attributed to it (scale: 0%-100%, scroll in to see all the options).  [Have errors]",0.9045340337332908
Please rate your impression of the robot you just interacted with by selecting a point on the scale between the two adjectives. There are no right or wrong answers. ,mean_trust_subj,0.903426592656398
mean_trust_subj,Please rate your impression of the robot you just interacted with by selecting a point on the scale between the two adjectives. There are no right or wrong answers. ,0.903426592656398
"Consider expectations toward Pepper robot and express how much do you agree with the properties attributed to it (scale: 0%-100%, scroll in to see all the options).  [Have errors]",mean_trust_subj,0.9027423900401941
mean_trust_subj,"Consider expectations toward Pepper robot and express how much do you agree with the properties attributed to it (scale: 0%-100%, scroll in to see all the options).  [Have errors]",0.9027423900401941
Which picture best describes the relationship between Pepper and your country? ,neuroticism,0.899228803025897
neuroticism,Which picture best describes the relationship between Pepper and your country? ,0.899228803025897
Which picture best describes the relationship between Pepper and your country? ,Which picture best describes the relationship between Pepper and your own preferences? ,0.8992288030258969
Which picture best describes the relationship between Pepper and your own preferences? ,Which picture best describes the relationship between Pepper and your country? ,0.8992288030258969
"Consider expectations toward Pepper robot and express how much do you agree with the properties attributed to it (scale: 0%-100%, scroll in to see all the options).  [Reliable]","Consider expectations toward Pepper robot and express how much do you agree with the properties attributed to it (scale: 0%-100%, scroll in to see all the options).  [Meet the needs of the mission]",0.8944271909999163
"Consider expectations toward Pepper robot and express how much do you agree with the properties attributed to it (scale: 0%-100%, scroll in to see all the options).  [Meet the needs of the mission]","Consider expectations toward Pepper robot and express how much do you agree with the properties attributed to it (scale: 0%-100%, scroll in to see all the options).  [Reliable]",0.8944271909999163
"Consider expectations toward Pepper robot and express how much do you agree with the properties attributed to it (scale: 0%-100%, scroll in to see all the options).  [Reliable]",I see myself as someone who  [... has active imagination],0.894427190999916
I see myself as someone who  [... has active imagination],"Consider expectations toward Pepper robot and express how much do you agree with the properties attributed to it (scale: 0%-100%, scroll in to see all the options).  [Reliable]",0.894427190999916
I see myself as someone who  [... tends to be lazy],mean_trust_subj,0.8925779711341445
mean_trust_subj,I see myself as someone who  [... tends to be lazy],0.8925779711341445
"Consider expectations toward Pepper robot and express how much do you agree with the properties attributed to it (scale: 0%-100%, scroll in to see all the options).  [Predictable]",Which picture best describes the relationship between Pepper and your country? ,0.8919017444789035
Which picture best describes the relationship between Pepper and your country? ,"Consider expectations toward Pepper robot and express how much do you agree with the properties attributed to it (scale: 0%-100%, scroll in to see all the options).  [Predictable]",0.8919017444789035
Please rate your impression of the robot you just interacted with by selecting a point on the scale between the two adjectives. There are no right or wrong answers. .5,mean_competence,0.8894041747286443
Please rate your impression of the robot you just interacted with by selecting a point on the scale between the two adjectives. There are no right or wrong answers. .3,mean_competence,0.8894041747286443
mean_competence,Please rate your impression of the robot you just interacted with by selecting a point on the scale between the two adjectives. There are no right or wrong answers. .5,0.8894041747286443
mean_competence,Please rate your impression of the robot you just interacted with by selecting a point on the scale between the two adjectives. There are no right or wrong answers. .3,0.8894041747286443
Please rate your impression of the robot you just interacted with by selecting a point on the scale between the two adjectives. There are no right or wrong answers. .2,Please rate your impression of the robot you just interacted with by selecting a point on the scale between the two adjectives. There are no right or wrong answers. .1,0.8866206949335731
"Consider expectations toward Pepper robot and express how much do you agree with the properties attributed to it (scale: 0%-100%, scroll in to see all the options).  [Function successfully]",Please rate your impression of the robot you just interacted with by selecting a point on the scale between the two adjectives. There are no right or wrong answers. .2,0.8866206949335731
Please rate your impression of the robot you just interacted with by selecting a point on the scale between the two adjectives. There are no right or wrong answers. .2,"Consider expectations toward Pepper robot and express how much do you agree with the properties attributed to it (scale: 0%-100%, scroll in to see all the options).  [Function successfully]",0.8866206949335731
Please rate your impression of the robot you just interacted with by selecting a point on the scale between the two adjectives. There are no right or wrong answers. .1,Please rate your impression of the robot you just interacted with by selecting a point on the scale between the two adjectives. There are no right or wrong answers. .2,0.8866206949335731
"Consider expectations toward Pepper robot and express how much do you agree with the properties attributed to it (scale: 0%-100%, scroll in to see all the options).  [Reliable]","Consider expectations toward Pepper robot and express how much do you agree with the properties attributed to it (scale: 0%-100%, scroll in to see all the options).  [Communicate with people]",0.8865926413116155
"Consider expectations toward Pepper robot and express how much do you agree with the properties attributed to it (scale: 0%-100%, scroll in to see all the options).  [Communicate with people]","Consider expectations toward Pepper robot and express how much do you agree with the properties attributed to it (scale: 0%-100%, scroll in to see all the options).  [Reliable]",0.8865926413116155
mean_competence,Please rate your impression of the robot you just interacted with by selecting a point on the scale between the two adjectives. There are no right or wrong answers. .2,0.8833420972276735
Please rate your impression of the robot you just interacted with by selecting a point on the scale between the two adjectives. There are no right or wrong answers. .2,mean_competence,0.8833420972276735
I see myself as someone who  [... is reserved ],mean_personality_subj,0.881361915025249
mean_personality_subj,I see myself as someone who  [... is reserved ],0.881361915025249
coscientiousness,"Consider expectations toward Pepper robot and express how much do you agree with the properties attributed to it (scale: 0%-100%, scroll in to see all the options).  [Act consistenly]",0.8783100656536802
"Consider expectations toward Pepper robot and express how much do you agree with the properties attributed to it (scale: 0%-100%, scroll in to see all the options).  [Act consistenly]",coscientiousness,0.8783100656536802
Please rate your impression of the robot you just interacted with by selecting a point on the scale between the two adjectives. There are no right or wrong answers. .4,"Consider expectations toward Pepper robot and express how much do you agree with the properties attributed to it (scale: 0%-100%, scroll in to see all the options).  [Follow directions]",0.87831006565368
"Consider expectations toward Pepper robot and express how much do you agree with the properties attributed to it (scale: 0%-100%, scroll in to see all the options).  [Predictable]","Consider expectations toward Pepper robot and express how much do you agree with the properties attributed to it (scale: 0%-100%, scroll in to see all the options).  [Provide Feedback]",0.87831006565368
"Consider expectations toward Pepper robot and express how much do you agree with the properties attributed to it (scale: 0%-100%, scroll in to see all the options).  [Follow directions]",Please rate your impression of the robot you just interacted with by selecting a point on the scale between the two adjectives. There are no right or wrong answers. .4,0.87831006565368
"Consider expectations toward Pepper robot and express how much do you agree with the properties attributed to it (scale: 0%-100%, scroll in to see all the options).  [Provide Feedback]","Consider expectations toward Pepper robot and express how much do you agree with the properties attributed to it (scale: 0%-100%, scroll in to see all the options).  [Predictable]",0.87831006565368
coscientiousness,I see myself as someone who  [... does a thorough job],0.8783100656536799
"Consider expectations toward Pepper robot and express how much do you agree with the properties attributed to it (scale: 0%-100%, scroll in to see all the options).  [Predictable]",I see myself as someone who  [... tends to find fault with others],0.8783100656536799
Which picture best describes the relationship between Pepper and your national culture? ,Please rate your impression of the robot you just interacted with by selecting a point on the scale between the two adjectives. There are no right or wrong answers. .4,0.8783100656536799
I see myself as someone who  [... tends to find fault with others],"Consider expectations toward Pepper robot and express how much do you agree with the properties attributed to it (scale: 0%-100%, scroll in to see all the options).  [Predictable]",0.8783100656536799
Please rate your impression of the robot you just interacted with by selecting a point on the scale between the two adjectives. There are no right or wrong answers. .4,Which picture best describes the relationship between Pepper and your national culture? ,0.8783100656536799
I see myself as someone who  [... does a thorough job],coscientiousness,0.8783100656536799
Please rate your impression of the robot you just interacted with by selecting a point on the scale between the two adjectives. There are no right or wrong answers. .4,"Consider expectations toward Pepper robot and express how much do you agree with the properties attributed to it (scale: 0%-100%, scroll in to see all the options).  [Unresponsive]",0.8783100656536799
"Consider expectations toward Pepper robot and express how much do you agree with the properties attributed to it (scale: 0%-100%, scroll in to see all the options).  [Unresponsive]",Please rate your impression of the robot you just interacted with by selecting a point on the scale between the two adjectives. There are no right or wrong answers. .4,0.8783100656536799
Please rate your impression of the robot you just interacted with by selecting a point on the scale between the two adjectives. There are no right or wrong answers. .4,"Consider expectations toward Pepper robot and express how much do you agree with the properties attributed to it (scale: 0%-100%, scroll in to see all the options).  [Malfunction]",0.8783100656536798
"Consider expectations toward Pepper robot and express how much do you agree with the properties attributed to it (scale: 0%-100%, scroll in to see all the options).  [Malfunction]",Please rate your impression of the robot you just interacted with by selecting a point on the scale between the two adjectives. There are no right or wrong answers. .4,0.8783100656536798
neuroticism,"Consider expectations toward Pepper robot and express how much do you agree with the properties attributed to it (scale: 0%-100%, scroll in to see all the options).  [Follow directions]",0.8703882797784894
"Consider expectations toward Pepper robot and express how much do you agree with the properties attributed to it (scale: 0%-100%, scroll in to see all the options).  [Follow directions]",Which picture best describes the relationship between Pepper and your own preferences? ,0.8703882797784894
Which picture best describes the relationship between Pepper and your own preferences? ,"Consider expectations toward Pepper robot and express how much do you agree with the properties attributed to it (scale: 0%-100%, scroll in to see all the options).  [Follow directions]",0.8703882797784894
"Consider expectations toward Pepper robot and express how much do you agree with the properties attributed to it (scale: 0%-100%, scroll in to see all the options).  [Follow directions]",neuroticism,0.8703882797784894
I see myself as someone who  [... tends to find fault with others],"Consider expectations toward Pepper robot and express how much do you agree with the properties attributed to it (scale: 0%-100%, scroll in to see all the options).  [Function successfully]",0.8703882797784893
"Consider expectations toward Pepper robot and express how much do you agree with the properties attributed to it (scale: 0%-100%, scroll in to see all the options).  [Function successfully]",I see myself as someone who  [... tends to find fault with others],0.8703882797784893
"Consider expectations toward Pepper robot and express how much do you agree with the properties attributed to it (scale: 0%-100%, scroll in to see all the options).  [Provide Feedback]",Please rate your impression of the robot you just interacted with by selecting a point on the scale between the two adjectives. There are no right or wrong answers. .1,0.8703882797784893
Please rate your impression of the robot you just interacted with by selecting a point on the scale between the two adjectives. There are no right or wrong answers. .1,"Consider expectations toward Pepper robot and express how much do you agree with the properties attributed to it (scale: 0%-100%, scroll in to see all the options).  [Provide Feedback]",0.8703882797784893
Which picture best describes the relationship between Pepper and your own preferences? ,Which picture best describes the relationship between Pepper and your national culture? ,0.8703882797784892
I see myself as someone who  [... tends to find fault with others],Please rate your impression of the robot you just interacted with by selecting a point on the scale between the two adjectives. There are no right or wrong answers. .1,0.8703882797784892
Please rate your impression of the robot you just interacted with by selecting a point on the scale between the two adjectives. There are no right or wrong answers. .1,I see myself as someone who  [... tends to find fault with others],0.8703882797784892
extraversion,mean_cultural_closeness_subj,0.8703882797784892
"Consider expectations toward Pepper robot and express how much do you agree with the properties attributed to it (scale: 0%-100%, scroll in to see all the options).  [Provide Feedback]","Consider expectations toward Pepper robot and express how much do you agree with the properties attributed to it (scale: 0%-100%, scroll in to see all the options).  [Function successfully]",0.8703882797784892
Which picture best describes the relationship between Pepper and your national culture? ,Which picture best describes the relationship between Pepper and your own preferences? ,0.8703882797784892
"Consider expectations toward Pepper robot and express how much do you agree with the properties attributed to it (scale: 0%-100%, scroll in to see all the options).  [Function successfully]","Consider expectations toward Pepper robot and express how much do you agree with the properties attributed to it (scale: 0%-100%, scroll in to see all the options).  [Provide Feedback]",0.8703882797784892
neuroticism,Which picture best describes the relationship between Pepper and your national culture? ,0.8703882797784892
mean_cultural_closeness_subj,extraversion,0.8703882797784892
Which picture best describes the relationship between Pepper and your national culture? ,neuroticism,0.8703882797784892
Which picture best describes the relationship between Pepper and your own preferences? ,"Consider expectations toward Pepper robot and express how much do you agree with the properties attributed to it (scale: 0%-100%, scroll in to see all the options).  [Unresponsive]",0.8703882797784891
"Consider expectations toward Pepper robot and express how much do you agree with the properties attributed to it (scale: 0%-100%, scroll in to see all the options).  [Unresponsive]",Which picture best describes the relationship between Pepper and your own preferences? ,0.8703882797784891
neuroticism,"Consider expectations toward Pepper robot and express how much do you agree with the properties attributed to it (scale: 0%-100%, scroll in to see all the options).  [Malfunction]",0.8703882797784891
"Consider expectations toward Pepper robot and express how much do you agree with the properties attributed to it (scale: 0%-100%, scroll in to see all the options).  [Unresponsive]",neuroticism,0.8703882797784891
neuroticism,"Consider expectations toward Pepper robot and express how much do you agree with the properties attributed to it (scale: 0%-100%, scroll in to see all the options).  [Unresponsive]",0.8703882797784891
Which picture best describes the relationship between Pepper and your own preferences? ,"Consider expectations toward Pepper robot and express how much do you agree with the properties attributed to it (scale: 0%-100%, scroll in to see all the options).  [Malfunction]",0.8703882797784891
"Consider expectations toward Pepper robot and express how much do you agree with the properties attributed to it (scale: 0%-100%, scroll in to see all the options).  [Malfunction]",Which picture best describes the relationship between Pepper and your own preferences? ,0.8703882797784891
"Consider expectations toward Pepper robot and express how much do you agree with the properties attributed to it (scale: 0%-100%, scroll in to see all the options).  [Malfunction]",neuroticism,0.8703882797784891
Please rate your impression of the robot you just interacted with by selecting a point on the scale between the two adjectives. There are no right or wrong answers. .2,"Consider expectations toward Pepper robot and express how much do you agree with the properties attributed to it (scale: 0%-100%, scroll in to see all the options).  [Have errors]",0.868173652097366
"Consider expectations toward Pepper robot and express how much do you agree with the properties attributed to it (scale: 0%-100%, scroll in to see all the options).  [Have errors]",Please rate your impression of the robot you just interacted with by selecting a point on the scale between the two adjectives. There are no right or wrong answers. .2,0.868173652097366
Which picture best describes the relationship between Pepper and your own preferences? ,"Consider expectations toward Pepper robot and express how much do you agree with the properties attributed to it (scale: 0%-100%, scroll in to see all the options).  [Predictable]",0.8664002254439634
"Consider expectations toward Pepper robot and express how much do you agree with the properties attributed to it (scale: 0%-100%, scroll in to see all the options).  [Predictable]",Which picture best describes the relationship between Pepper and your own preferences? ,0.8664002254439634
"Consider expectations toward Pepper robot and express how much do you agree with the properties attributed to it (scale: 0%-100%, scroll in to see all the options).  [Provide appropriate information]",Please rate your impression of the robot you just interacted with by selecting a point on the scale between the two adjectives. There are no right or wrong answers. .5,0.8660254037844384
Please rate your impression of the robot you just interacted with by selecting a point on the scale between the two adjectives. There are no right or wrong answers. .3,"Consider expectations toward Pepper robot and express how much do you agree with the properties attributed to it (scale: 0%-100%, scroll in to see all the options).  [Provide appropriate information]",0.8660254037844384
Please rate your impression of the robot you just interacted with by selecting a point on the scale between the two adjectives. There are no right or wrong answers. .5,"Consider expectations toward Pepper robot and express how much do you agree with the properties attributed to it (scale: 0%-100%, scroll in to see all the options).  [Provide appropriate information]",0.8660254037844384
"Consider expectations toward Pepper robot and express how much do you agree with the properties attributed to it (scale: 0%-100%, scroll in to see all the options).  [Provide appropriate information]",Please rate your impression of the robot you just interacted with by selecting a point on the scale between the two adjectives. There are no right or wrong answers. .3,0.8660254037844384
Please rate your impression of the robot you just interacted with by selecting a point on the scale between the two adjectives. There are no right or wrong answers. .5,mean_trust_subj,0.8646213155669594
mean_trust_subj,Please rate your impression of the robot you just interacted with by selecting a point on the scale between the two adjectives. There are no right or wrong answers. .3,0.8646213155669594
Please rate your impression of the robot you just interacted with by selecting a point on the scale between the two adjectives. There are no right or wrong answers. .3,mean_trust_subj,0.8646213155669594
mean_trust_subj,Please rate your impression of the robot you just interacted with by selecting a point on the scale between the two adjectives. There are no right or wrong answers. .5,0.8646213155669594
Please rate your impression of the robot you just interacted with by selecting a point on the scale between the two adjectives. There are no right or wrong answers. ,"Consider expectations toward Pepper robot and express how much do you agree with the properties attributed to it (scale: 0%-100%, scroll in to see all the options).  [Provide appropriate information]",0.8626621856275072
"Consider expectations toward Pepper robot and express how much do you agree with the properties attributed to it (scale: 0%-100%, scroll in to see all the options).  [Provide appropriate information]",Please rate your impression of the robot you just interacted with by selecting a point on the scale between the two adjectives. There are no right or wrong answers. ,0.8626621856275072
mean_personality_subj,"I see myself as someone who  [... is relaxed, handles stress well]",0.8605164648648882
"I see myself as someone who  [... is relaxed, handles stress well]",mean_personality_subj,0.8605164648648882
Please rate your impression of the robot you just interacted with by selecting a point on the scale between the two adjectives. There are no right or wrong answers. .2,mean_trust_subj,0.8555783529059259
mean_trust_subj,Please rate your impression of the robot you just interacted with by selecting a point on the scale between the two adjectives. There are no right or wrong answers. .2,0.8555783529059259
"Consider expectations toward Pepper robot and express how much do you agree with the properties attributed to it (scale: 0%-100%, scroll in to see all the options).  [Provide appropriate information]","Consider expectations toward Pepper robot and express how much do you agree with the properties attributed to it (scale: 0%-100%, scroll in to see all the options).  [Function successfully]",0.8528028654224418
"Consider expectations toward Pepper robot and express how much do you agree with the properties attributed to it (scale: 0%-100%, scroll in to see all the options).  [Function successfully]","Consider expectations toward Pepper robot and express how much do you agree with the properties attributed to it (scale: 0%-100%, scroll in to see all the options).  [Provide appropriate information]",0.8528028654224418
"Consider expectations toward Pepper robot and express how much do you agree with the properties attributed to it (scale: 0%-100%, scroll in to see all the options).  [Provide appropriate information]",neuroticism,0.8528028654224417
Please rate your impression of the robot you just interacted with by selecting a point on the scale between the two adjectives. There are no right or wrong answers. .1,"Consider expectations toward Pepper robot and express how much do you agree with the properties attributed to it (scale: 0%-100%, scroll in to see all the options).  [Provide appropriate information]",0.8528028654224417
"I see myself as someone who  [... is ongoing, sociable]",extraversion,0.8528028654224417
"Consider expectations toward Pepper robot and express how much do you agree with the properties attributed to it (scale: 0%-100%, scroll in to see all the options).  [Provide appropriate information]",Please rate your impression of the robot you just interacted with by selecting a point on the scale between the two adjectives. There are no right or wrong answers. .1,0.8528028654224417
extraversion,"I see myself as someone who  [... is ongoing, sociable]",0.8528028654224417
"I see myself as someone who  [... is relaxed, handles stress well]","I see myself as someone who  [... is ongoing, sociable]",0.8528028654224417
"I see myself as someone who  [... is ongoing, sociable]","I see myself as someone who  [... is relaxed, handles stress well]",0.8528028654224417
neuroticism,"Consider expectations toward Pepper robot and express how much do you agree with the properties attributed to it (scale: 0%-100%, scroll in to see all the options).  [Provide appropriate information]",0.8528028654224417
"Consider expectations toward Pepper robot and express how much do you agree with the properties attributed to it (scale: 0%-100%, scroll in to see all the options).  [Provide appropriate information]",Which picture best describes the relationship between Pepper and your own preferences? ,0.8528028654224414
Which picture best describes the relationship between Pepper and your own preferences? ,"Consider expectations toward Pepper robot and express how much do you agree with the properties attributed to it (scale: 0%-100%, scroll in to see all the options).  [Provide appropriate information]",0.8528028654224414
"Consider expectations toward Pepper robot and express how much do you agree with the properties attributed to it (scale: 0%-100%, scroll in to see all the options).  [Predictable]",openness,0.8451542547285165
openness,"Consider expectations toward Pepper robot and express how much do you agree with the properties attributed to it (scale: 0%-100%, scroll in to see all the options).  [Predictable]",0.8451542547285165
"Consider expectations toward Pepper robot and express how much do you agree with the properties attributed to it (scale: 0%-100%, scroll in to see all the options).  [Predictable]",mean_cultural_closeness,0.8440451279321198
mean_cultural_closeness,"Consider expectations toward Pepper robot and express how much do you agree with the properties attributed to it (scale: 0%-100%, scroll in to see all the options).  [Predictable]",0.8440451279321198
I see myself as someone who  [... tends to be lazy],mean_competence,0.8404619394548211
mean_competence,I see myself as someone who  [... tends to be lazy],0.8404619394548211
"Consider expectations toward Pepper robot and express how much do you agree with the properties attributed to it (scale: 0%-100%, scroll in to see all the options).  [Dependable]",mean_personality_subj,0.837477138397389
mean_personality_subj,"Consider expectations toward Pepper robot and express how much do you agree with the properties attributed to it (scale: 0%-100%, scroll in to see all the options).  [Dependable]",0.837477138397389
Which picture best describes your relationship with Italian or German Culture?,agreebleness,0.8366600265340756
agreebleness,Which picture best describes your relationship with Italian or German Culture?,0.8366600265340756
Please rate your impression of the robot you just interacted with by selecting a point on the scale between the two adjectives. There are no right or wrong answers. .3,"Consider expectations toward Pepper robot and express how much do you agree with the properties attributed to it (scale: 0%-100%, scroll in to see all the options).  [Predictable]",0.828078671210825
"Consider expectations toward Pepper robot and express how much do you agree with the properties attributed to it (scale: 0%-100%, scroll in to see all the options).  [Predictable]",Please rate your impression of the robot you just interacted with by selecting a point on the scale between the two adjectives. There are no right or wrong answers. .3,0.828078671210825
"Consider expectations toward Pepper robot and express how much do you agree with the properties attributed to it (scale: 0%-100%, scroll in to see all the options).  [Predictable]",Please rate your impression of the robot you just interacted with by selecting a point on the scale between the two adjectives. There are no right or wrong answers. .5,0.828078671210825
Please rate your impression of the robot you just interacted with by selecting a point on the scale between the two adjectives. There are no right or wrong answers. .5,"Consider expectations toward Pepper robot and express how much do you agree with the properties attributed to it (scale: 0%-100%, scroll in to see all the options).  [Predictable]",0.828078671210825
"Consider expectations toward Pepper robot and express how much do you agree with the properties attributed to it (scale: 0%-100%, scroll in to see all the options).  [Provide appropriate information]",mean_trust_subj,0.8247837335185434
mean_trust_subj,"Consider expectations toward Pepper robot and express how much do you agree with the properties attributed to it (scale: 0%-100%, scroll in to see all the options).  [Provide appropriate information]",0.8247837335185434
Which picture best describes the relationship between Pepper and your own preferences? ,mean_competence,0.819281060795088
mean_competence,Which picture best describes the relationship between Pepper and your own preferences? ,0.819281060795088
neuroticism,Please rate your impression of the robot you just interacted with by selecting a point on the scale between the two adjectives. There are no right or wrong answers. .1,0.8181818181818182
Please rate your impression of the robot you just interacted with by selecting a point on the scale between the two adjectives. There are no right or wrong answers. .1,neuroticism,0.8181818181818182
neuroticism,"Consider expectations toward Pepper robot and express how much do you agree with the properties attributed to it (scale: 0%-100%, scroll in to see all the options).  [Function successfully]",0.8181818181818182
"Consider expectations toward Pepper robot and express how much do you agree with the properties attributed to it (scale: 0%-100%, scroll in to see all the options).  [Function successfully]",neuroticism,0.8181818181818182
"Consider expectations toward Pepper robot and express how much do you agree with the properties attributed to it (scale: 0%-100%, scroll in to see all the options).  [Provide Feedback]","Consider expectations toward Pepper robot and express how much do you agree with the properties attributed to it (scale: 0%-100%, scroll in to see all the options).  [Provide appropriate information]",0.8164965809277263
I see myself as someone who  [... tends to find fault with others],"Consider expectations toward Pepper robot and express how much do you agree with the properties attributed to it (scale: 0%-100%, scroll in to see all the options).  [Provide appropriate information]",0.8164965809277263
"Consider expectations toward Pepper robot and express how much do you agree with the properties attributed to it (scale: 0%-100%, scroll in to see all the options).  [Provide appropriate information]","Consider expectations toward Pepper robot and express how much do you agree with the properties attributed to it (scale: 0%-100%, scroll in to see all the options).  [Provide Feedback]",0.8164965809277263
"Consider expectations toward Pepper robot and express how much do you agree with the properties attributed to it (scale: 0%-100%, scroll in to see all the options).  [Provide appropriate information]",I see myself as someone who  [... tends to find fault with others],0.8164965809277263
"Consider expectations toward Pepper robot and express how much do you agree with the properties attributed to it (scale: 0%-100%, scroll in to see all the options).  [Provide appropriate information]","Consider expectations toward Pepper robot and express how much do you agree with the properties attributed to it (scale: 0%-100%, scroll in to see all the options).  [Follow directions]",0.8164965809277261
"Consider expectations toward Pepper robot and express how much do you agree with the properties attributed to it (scale: 0%-100%, scroll in to see all the options).  [Follow directions]","Consider expectations toward Pepper robot and express how much do you agree with the properties attributed to it (scale: 0%-100%, scroll in to see all the options).  [Provide appropriate information]",0.8164965809277261
openness,Please rate your impression of the robot you just interacted with by selecting a point on the scale between the two adjectives. There are no right or wrong answers. .5,0.816496580927726
Please rate your impression of the robot you just interacted with by selecting a point on the scale between the two adjectives. There are no right or wrong answers. .5,openness,0.816496580927726
Please rate your impression of the robot you just interacted with by selecting a point on the scale between the two adjectives. There are no right or wrong answers. .3,openness,0.816496580927726
openness,Please rate your impression of the robot you just interacted with by selecting a point on the scale between the two adjectives. There are no right or wrong answers. .3,0.816496580927726
"Consider expectations toward Pepper robot and express how much do you agree with the properties attributed to it (scale: 0%-100%, scroll in to see all the options).  [Provide appropriate information]","Consider expectations toward Pepper robot and express how much do you agree with the properties attributed to it (scale: 0%-100%, scroll in to see all the options).  [Malfunction]",0.8164965809277259
I see myself as someone who  [... get nervous easily],I see myself as someone who  [... is reserved ],0.8164965809277259
"I see myself as someone who  [... is ongoing, sociable]",mean_cultural_closeness_subj,0.8164965809277259
"Consider expectations toward Pepper robot and express how much do you agree with the properties attributed to it (scale: 0%-100%, scroll in to see all the options).  [Malfunction]","Consider expectations toward Pepper robot and express how much do you agree with the properties attributed to it (scale: 0%-100%, scroll in to see all the options).  [Provide appropriate information]",0.8164965809277259
mean_cultural_closeness_subj,"I see myself as someone who  [... is ongoing, sociable]",0.8164965809277259
I see myself as someone who  [... is reserved ],I see myself as someone who  [... get nervous easily],0.8164965809277259
Which picture best describes the relationship between Pepper and your national culture? ,"Consider expectations toward Pepper robot and express how much do you agree with the properties attributed to it (scale: 0%-100%, scroll in to see all the options).  [Provide appropriate information]",0.8164965809277258
"Consider expectations toward Pepper robot and express how much do you agree with the properties attributed to it (scale: 0%-100%, scroll in to see all the options).  [Unresponsive]","Consider expectations toward Pepper robot and express how much do you agree with the properties attributed to it (scale: 0%-100%, scroll in to see all the options).  [Provide appropriate information]",0.8164965809277258
"Consider expectations toward Pepper robot and express how much do you agree with the properties attributed to it (scale: 0%-100%, scroll in to see all the options).  [Provide appropriate information]",Which picture best describes the relationship between Pepper and your national culture? ,0.8164965809277258
"Consider expectations toward Pepper robot and express how much do you agree with the properties attributed to it (scale: 0%-100%, scroll in to see all the options).  [Provide appropriate information]","Consider expectations toward Pepper robot and express how much do you agree with the properties attributed to it (scale: 0%-100%, scroll in to see all the options).  [Unresponsive]",0.8164965809277258
"Consider expectations toward Pepper robot and express how much do you agree with the properties attributed to it (scale: 0%-100%, scroll in to see all the options).  [Have errors]",mean_competence,0.8163713884467538
mean_competence,"Consider expectations toward Pepper robot and express how much do you agree with the properties attributed to it (scale: 0%-100%, scroll in to see all the options).  [Have errors]",0.8163713884467538
Which picture best describes the relationship between Pepper and your country? ,Please rate your impression of the robot you just interacted with by selecting a point on the scale between the two adjectives. There are no right or wrong answers. .4,0.8143450710459552
Please rate your impression of the robot you just interacted with by selecting a point on the scale between the two adjectives. There are no right or wrong answers. .4,Which picture best describes the relationship between Pepper and your country? ,0.8143450710459552
neuroticism,mean_cultural_closeness,0.8106960083062922
mean_cultural_closeness,neuroticism,0.8106960083062922
"Consider expectations toward Pepper robot and express how much do you agree with the properties attributed to it (scale: 0%-100%, scroll in to see all the options).  [Have errors]","Consider expectations toward Pepper robot and express how much do you agree with the properties attributed to it (scale: 0%-100%, scroll in to see all the options).  [Follow directions]",0.8082903768654764
"Consider expectations toward Pepper robot and express how much do you agree with the properties attributed to it (scale: 0%-100%, scroll in to see all the options).  [Follow directions]","Consider expectations toward Pepper robot and express how much do you agree with the properties attributed to it (scale: 0%-100%, scroll in to see all the options).  [Have errors]",0.8082903768654764
"Consider expectations toward Pepper robot and express how much do you agree with the properties attributed to it (scale: 0%-100%, scroll in to see all the options).  [Have errors]","Consider expectations toward Pepper robot and express how much do you agree with the properties attributed to it (scale: 0%-100%, scroll in to see all the options).  [Unresponsive]",0.8082903768654761
"Consider expectations toward Pepper robot and express how much do you agree with the properties attributed to it (scale: 0%-100%, scroll in to see all the options).  [Have errors]","Consider expectations toward Pepper robot and express how much do you agree with the properties attributed to it (scale: 0%-100%, scroll in to see all the options).  [Malfunction]",0.8082903768654761
"Consider expectations toward Pepper robot and express how much do you agree with the properties attributed to it (scale: 0%-100%, scroll in to see all the options).  [Malfunction]","Consider expectations toward Pepper robot and express how much do you agree with the properties attributed to it (scale: 0%-100%, scroll in to see all the options).  [Have errors]",0.8082903768654761
"Consider expectations toward Pepper robot and express how much do you agree with the properties attributed to it (scale: 0%-100%, scroll in to see all the options).  [Unresponsive]","Consider expectations toward Pepper robot and express how much do you agree with the properties attributed to it (scale: 0%-100%, scroll in to see all the options).  [Have errors]",0.8082903768654761
"Consider expectations toward Pepper robot and express how much do you agree with the properties attributed to it (scale: 0%-100%, scroll in to see all the options).  [Have errors]",Which picture best describes the relationship between Pepper and your national culture? ,0.8082903768654759
Which picture best describes the relationship between Pepper and your national culture? ,"Consider expectations toward Pepper robot and express how much do you agree with the properties attributed to it (scale: 0%-100%, scroll in to see all the options).  [Have errors]",0.8082903768654759
agreebleness,extraversion,0.8058229640253802
extraversion,agreebleness,0.8058229640253802
"I see myself as someone who  [... is relaxed, handles stress well]",agreebleness,0.8058229640253802
agreebleness,"I see myself as someone who  [... is relaxed, handles stress well]",0.8058229640253802
Please rate your impression of the robot you just interacted with by selecting a point on the scale between the two adjectives. There are no right or wrong answers. .2,Which picture best describes the relationship between Pepper and your country? ,0.8031157077540443
Which picture best describes the relationship between Pepper and your country? ,Please rate your impression of the robot you just interacted with by selecting a point on the scale between the two adjectives. There are no right or wrong answers. .2,0.8031157077540443
mean_cultural_closeness,Which picture best describes your relationship with Italian or German Culture?,-0.8016376680394155
Which picture best describes your relationship with Italian or German Culture?,mean_cultural_closeness,-0.8016376680394155
openness,agreebleness,-0.8017837257372732
agreebleness,openness,-0.8017837257372732
"Consider expectations toward Pepper robot and express how much do you agree with the properties attributed to it (scale: 0%-100%, scroll in to see all the options).  [Function successfully]",agreebleness,-0.80582296402538
agreebleness,"Consider expectations toward Pepper robot and express how much do you agree with the properties attributed to it (scale: 0%-100%, scroll in to see all the options).  [Function successfully]",-0.80582296402538
Please rate your impression of the robot you just interacted with by selecting a point on the scale between the two adjectives. There are no right or wrong answers. .1,agreebleness,-0.8058229640253802
agreebleness,Please rate your impression of the robot you just interacted with by selecting a point on the scale between the two adjectives. There are no right or wrong answers. .1,-0.8058229640253802
agreebleness,Which picture best describes the relationship between Pepper and your own preferences? ,-0.8058229640253805
Which picture best describes the relationship between Pepper and your own preferences? ,agreebleness,-0.8058229640253805
I see myself as someone who  [... does a thorough job],"Consider expectations toward Pepper robot and express how much do you agree with the properties attributed to it (scale: 0%-100%, scroll in to see all the options).  [Have errors]",-0.8082903768654759
"Consider expectations toward Pepper robot and express how much do you agree with the properties attributed to it (scale: 0%-100%, scroll in to see all the options).  [Have errors]",I see myself as someone who  [... does a thorough job],-0.8082903768654759
"Consider expectations toward Pepper robot and express how much do you agree with the properties attributed to it (scale: 0%-100%, scroll in to see all the options).  [Have errors]","Consider expectations toward Pepper robot and express how much do you agree with the properties attributed to it (scale: 0%-100%, scroll in to see all the options).  [Act consistenly]",-0.8082903768654764
"Consider expectations toward Pepper robot and express how much do you agree with the properties attributed to it (scale: 0%-100%, scroll in to see all the options).  [Act consistenly]","Consider expectations toward Pepper robot and express how much do you agree with the properties attributed to it (scale: 0%-100%, scroll in to see all the options).  [Have errors]",-0.8082903768654764
Please rate your impression of the robot you just interacted with by selecting a point on the scale between the two adjectives. There are no right or wrong answers. .5,mean_personality_subj,-0.8128917219051072
Please rate your impression of the robot you just interacted with by selecting a point on the scale between the two adjectives. There are no right or wrong answers. .3,mean_personality_subj,-0.8128917219051072
mean_personality_subj,Please rate your impression of the robot you just interacted with by selecting a point on the scale between the two adjectives. There are no right or wrong answers. .3,-0.8128917219051072
mean_personality_subj,Please rate your impression of the robot you just interacted with by selecting a point on the scale between the two adjectives. There are no right or wrong answers. .5,-0.8128917219051072
mean_trust_subj,coscientiousness,-0.814927264475087
coscientiousness,mean_trust_subj,-0.814927264475087
"Consider expectations toward Pepper robot and express how much do you agree with the properties attributed to it (scale: 0%-100%, scroll in to see all the options).  [Communicate with people]",agreebleness,-0.8151391459392223
agreebleness,"Consider expectations toward Pepper robot and express how much do you agree with the properties attributed to it (scale: 0%-100%, scroll in to see all the options).  [Communicate with people]",-0.8151391459392223
mean_cultural_closeness_subj,"Consider expectations toward Pepper robot and express how much do you agree with the properties attributed to it (scale: 0%-100%, scroll in to see all the options).  [Provide appropriate information]",-0.8164965809277259
"I see myself as someone who  [... is ongoing, sociable]","Consider expectations toward Pepper robot and express how much do you agree with the properties attributed to it (scale: 0%-100%, scroll in to see all the options).  [Follow directions]",-0.8164965809277259
"Consider expectations toward Pepper robot and express how much do you agree with the properties attributed to it (scale: 0%-100%, scroll in to see all the options).  [Follow directions]","I see myself as someone who  [... is ongoing, sociable]",-0.8164965809277259
"Consider expectations toward Pepper robot and express how much do you agree with the properties attributed to it (scale: 0%-100%, scroll in to see all the options).  [Provide appropriate information]",mean_cultural_closeness_subj,-0.8164965809277259
"Consider expectations toward Pepper robot and express how much do you agree with the properties attributed to it (scale: 0%-100%, scroll in to see all the options).  [Unresponsive]","I see myself as someone who  [... is ongoing, sociable]",-0.8164965809277261
I see myself as someone who  [... get nervous easily],I see myself as someone who  [... does a thorough job],-0.8164965809277261
I see myself as someone who  [... does a thorough job],I see myself as someone who  [... get nervous easily],-0.8164965809277261
"I see myself as someone who  [... is ongoing, sociable]",I see myself as someone who  [... tends to find fault with others],-0.8164965809277261
I see myself as someone who  [... get nervous easily],"Consider expectations toward Pepper robot and express how much do you agree with the properties attributed to it (scale: 0%-100%, scroll in to see all the options).  [Act consistenly]",-0.8164965809277261
Which picture best describes the relationship between Pepper and your national culture? ,"I see myself as someone who  [... is ongoing, sociable]",-0.8164965809277261
"Consider expectations toward Pepper robot and express how much do you agree with the properties attributed to it (scale: 0%-100%, scroll in to see all the options).  [Malfunction]","I see myself as someone who  [... is ongoing, sociable]",-0.8164965809277261
"I see myself as someone who  [... is ongoing, sociable]","Consider expectations toward Pepper robot and express how much do you agree with the properties attributed to it (scale: 0%-100%, scroll in to see all the options).  [Unresponsive]",-0.8164965809277261
"Consider expectations toward Pepper robot and express how much do you agree with the properties attributed to it (scale: 0%-100%, scroll in to see all the options).  [Act consistenly]",I see myself as someone who  [... get nervous easily],-0.8164965809277261
"I see myself as someone who  [... is ongoing, sociable]","Consider expectations toward Pepper robot and express how much do you agree with the properties attributed to it (scale: 0%-100%, scroll in to see all the options).  [Malfunction]",-0.8164965809277261
I see myself as someone who  [... tends to find fault with others],"I see myself as someone who  [... is ongoing, sociable]",-0.8164965809277261
"I see myself as someone who  [... is ongoing, sociable]",Which picture best describes the relationship between Pepper and your national culture? ,-0.8164965809277261
"Consider expectations toward Pepper robot and express how much do you agree with the properties attributed to it (scale: 0%-100%, scroll in to see all the options).  [Provide Feedback]","I see myself as someone who  [... is ongoing, sociable]",-0.8164965809277263
"I see myself as someone who  [... is ongoing, sociable]","Consider expectations toward Pepper robot and express how much do you agree with the properties attributed to it (scale: 0%-100%, scroll in to see all the options).  [Provide Feedback]",-0.8164965809277263
neuroticism,extraversion,-0.8181818181818182
extraversion,neuroticism,-0.8181818181818182
mean_competence,"I see myself as someone who  [... is relaxed, handles stress well]",-0.8192810607950879
"I see myself as someone who  [... is relaxed, handles stress well]",mean_competence,-0.8192810607950879
mean_trust_subj,"I see myself as someone who  [... is ongoing, sociable]",-0.8247837335185435
"I see myself as someone who  [... is ongoing, sociable]",mean_trust_subj,-0.8247837335185435
mean_competence,I see myself as someone who  [... is generally trusting],-0.8297554179331036
I see myself as someone who  [... is generally trusting],mean_competence,-0.8297554179331036
"Consider expectations toward Pepper robot and express how much do you agree with the properties attributed to it (scale: 0%-100%, scroll in to see all the options).  [Predictable]",Which picture best describes your relationship with Italian or German Culture?,-0.8315218406202995
Which picture best describes your relationship with Italian or German Culture?,"Consider expectations toward Pepper robot and express how much do you agree with the properties attributed to it (scale: 0%-100%, scroll in to see all the options).  [Predictable]",-0.8315218406202995
Please rate your impression of the robot you just interacted with by selecting a point on the scale between the two adjectives. There are no right or wrong answers. .4,Which picture best describes your relationship with Italian or German Culture?,-0.8315218406202999
Which picture best describes your relationship with Italian or German Culture?,Please rate your impression of the robot you just interacted with by selecting a point on the scale between the two adjectives. There are no right or wrong answers. .4,-0.8315218406202999
mean_trust_subj,Which picture best describes your relationship with Italian or German Culture?,-0.8512093165461572
Which picture best describes your relationship with Italian or German Culture?,mean_trust_subj,-0.8512093165461572
"Consider expectations toward Pepper robot and express how much do you agree with the properties attributed to it (scale: 0%-100%, scroll in to see all the options).  [Provide appropriate information]",extraversion,-0.8528028654224417
"I see myself as someone who  [... is ongoing, sociable]",Please rate your impression of the robot you just interacted with by selecting a point on the scale between the two adjectives. There are no right or wrong answers. .1,-0.8528028654224417
"Consider expectations toward Pepper robot and express how much do you agree with the properties attributed to it (scale: 0%-100%, scroll in to see all the options).  [Provide appropriate information]","I see myself as someone who  [... is relaxed, handles stress well]",-0.8528028654224417
extraversion,"Consider expectations toward Pepper robot and express how much do you agree with the properties attributed to it (scale: 0%-100%, scroll in to see all the options).  [Provide appropriate information]",-0.8528028654224417
Please rate your impression of the robot you just interacted with by selecting a point on the scale between the two adjectives. There are no right or wrong answers. .1,"I see myself as someone who  [... is ongoing, sociable]",-0.8528028654224417
"I see myself as someone who  [... is relaxed, handles stress well]","Consider expectations toward Pepper robot and express how much do you agree with the properties attributed to it (scale: 0%-100%, scroll in to see all the options).  [Provide appropriate information]",-0.8528028654224417
"I see myself as someone who  [... is ongoing, sociable]","Consider expectations toward Pepper robot and express how much do you agree with the properties attributed to it (scale: 0%-100%, scroll in to see all the options).  [Function successfully]",-0.8528028654224418
"Consider expectations toward Pepper robot and express how much do you agree with the properties attributed to it (scale: 0%-100%, scroll in to see all the options).  [Function successfully]","I see myself as someone who  [... is ongoing, sociable]",-0.8528028654224418
"I see myself as someone who  [... is ongoing, sociable]",Which picture best describes the relationship between Pepper and your own preferences? ,-0.8528028654224419
neuroticism,"I see myself as someone who  [... is ongoing, sociable]",-0.8528028654224419
Which picture best describes the relationship between Pepper and your own preferences? ,"I see myself as someone who  [... is ongoing, sociable]",-0.8528028654224419
"I see myself as someone who  [... is ongoing, sociable]",neuroticism,-0.8528028654224419
Which picture best describes the relationship between Pepper and your country? ,agreebleness,-0.8583950752789522
agreebleness,Which picture best describes the relationship between Pepper and your country? ,-0.8583950752789522
I see myself as someone who  [... has few artistic interests],mean_cultural_closeness,-0.8588975014708023
mean_cultural_closeness,I see myself as someone who  [... has few artistic interests],-0.8588975014708023
Which picture best describes the relationship between Pepper and your own preferences? ,mean_personality_subj,-0.8605164648648882
mean_personality_subj,Which picture best describes the relationship between Pepper and your own preferences? ,-0.8605164648648882
"I see myself as someone who  [... is ongoing, sociable]",Please rate your impression of the robot you just interacted with by selecting a point on the scale between the two adjectives. There are no right or wrong answers. ,-0.8626621856275073
Please rate your impression of the robot you just interacted with by selecting a point on the scale between the two adjectives. There are no right or wrong answers. ,"I see myself as someone who  [... is ongoing, sociable]",-0.8626621856275073
mean_personality_subj,openness,-0.8628403050799636
openness,mean_personality_subj,-0.8628403050799636
Please rate your impression of the robot you just interacted with by selecting a point on the scale between the two adjectives. There are no right or wrong answers. .5,"I see myself as someone who  [... is ongoing, sociable]",-0.8660254037844388
"I see myself as someone who  [... is ongoing, sociable]",Please rate your impression of the robot you just interacted with by selecting a point on the scale between the two adjectives. There are no right or wrong answers. .5,-0.8660254037844388
Please rate your impression of the robot you just interacted with by selecting a point on the scale between the two adjectives. There are no right or wrong answers. .3,"I see myself as someone who  [... is ongoing, sociable]",-0.8660254037844388
"I see myself as someone who  [... is ongoing, sociable]",Please rate your impression of the robot you just interacted with by selecting a point on the scale between the two adjectives. There are no right or wrong answers. .3,-0.8660254037844388
"I see myself as someone who  [... is relaxed, handles stress well]","Consider expectations toward Pepper robot and express how much do you agree with the properties attributed to it (scale: 0%-100%, scroll in to see all the options).  [Predictable]",-0.8664002254439632
"Consider expectations toward Pepper robot and express how much do you agree with the properties attributed to it (scale: 0%-100%, scroll in to see all the options).  [Predictable]","I see myself as someone who  [... is relaxed, handles stress well]",-0.8664002254439632
coscientiousness,neuroticism,-0.8664002254439634
neuroticism,coscientiousness,-0.8664002254439634
mean_cultural_closeness_subj,"Consider expectations toward Pepper robot and express how much do you agree with the properties attributed to it (scale: 0%-100%, scroll in to see all the options).  [Function successfully]",-0.8703882797784885
"Consider expectations toward Pepper robot and express how much do you agree with the properties attributed to it (scale: 0%-100%, scroll in to see all the options).  [Function successfully]",mean_cultural_closeness_subj,-0.8703882797784885
"I see myself as someone who  [... is relaxed, handles stress well]","Consider expectations toward Pepper robot and express how much do you agree with the properties attributed to it (scale: 0%-100%, scroll in to see all the options).  [Follow directions]",-0.870388279778489
"Consider expectations toward Pepper robot and express how much do you agree with the properties attributed to it (scale: 0%-100%, scroll in to see all the options).  [Follow directions]","I see myself as someone who  [... is relaxed, handles stress well]",-0.870388279778489
"Consider expectations toward Pepper robot and express how much do you agree with the properties attributed to it (scale: 0%-100%, scroll in to see all the options).  [Unresponsive]","I see myself as someone who  [... is relaxed, handles stress well]",-0.8703882797784891
"Consider expectations toward Pepper robot and express how much do you agree with the properties attributed to it (scale: 0%-100%, scroll in to see all the options).  [Malfunction]","I see myself as someone who  [... is relaxed, handles stress well]",-0.8703882797784891
"I see myself as someone who  [... is relaxed, handles stress well]","Consider expectations toward Pepper robot and express how much do you agree with the properties attributed to it (scale: 0%-100%, scroll in to see all the options).  [Unresponsive]",-0.8703882797784891
"I see myself as someone who  [... is relaxed, handles stress well]","Consider expectations toward Pepper robot and express how much do you agree with the properties attributed to it (scale: 0%-100%, scroll in to see all the options).  [Malfunction]",-0.8703882797784891
Which picture best describes the relationship between Pepper and your national culture? ,"I see myself as someone who  [... is relaxed, handles stress well]",-0.8703882797784891
"I see myself as someone who  [... is relaxed, handles stress well]",Which picture best describes the relationship between Pepper and your national culture? ,-0.8703882797784891
I see myself as someone who  [... tends to find fault with others],extraversion,-0.8703882797784892
mean_cultural_closeness_subj,Please rate your impression of the robot you just interacted with by selecting a point on the scale between the two adjectives. There are no right or wrong answers. .1,-0.8703882797784892
extraversion,I see myself as someone who  [... tends to find fault with others],-0.8703882797784892
Please rate your impression of the robot you just interacted with by selecting a point on the scale between the two adjectives. There are no right or wrong answers. .1,mean_cultural_closeness_subj,-0.8703882797784892
extraversion,"Consider expectations toward Pepper robot and express how much do you agree with the properties attributed to it (scale: 0%-100%, scroll in to see all the options).  [Provide Feedback]",-0.8703882797784893
"Consider expectations toward Pepper robot and express how much do you agree with the properties attributed to it (scale: 0%-100%, scroll in to see all the options).  [Provide Feedback]",extraversion,-0.8703882797784893
coscientiousness,Please rate your impression of the robot you just interacted with by selecting a point on the scale between the two adjectives. There are no right or wrong answers. .2,-0.8757549764126291
Please rate your impression of the robot you just interacted with by selecting a point on the scale between the two adjectives. There are no right or wrong answers. .2,coscientiousness,-0.8757549764126291
"Consider expectations toward Pepper robot and express how much do you agree with the properties attributed to it (scale: 0%-100%, scroll in to see all the options).  [Predictable]",mean_cultural_closeness_subj,-0.8783100656536798
mean_cultural_closeness_subj,"Consider expectations toward Pepper robot and express how much do you agree with the properties attributed to it (scale: 0%-100%, scroll in to see all the options).  [Predictable]",-0.8783100656536798
Please rate your impression of the robot you just interacted with by selecting a point on the scale between the two adjectives. There are no right or wrong answers. ,I see myself as someone who  [... is generally trusting],-0.8865926413116155
I see myself as someone who  [... is generally trusting],Please rate your impression of the robot you just interacted with by selecting a point on the scale between the two adjectives. There are no right or wrong answers. ,-0.8865926413116155
I see myself as someone who  [... has few artistic interests],Please rate your impression of the robot you just interacted with by selecting a point on the scale between the two adjectives. There are no right or wrong answers. ,-0.8865926413116155
Which picture best describes your relationship with Italy or Germany?,"Consider expectations toward Pepper robot and express how much do you agree with the properties attributed to it (scale: 0%-100%, scroll in to see all the options).  [Communicate with people]",-0.8865926413116155
"Consider expectations toward Pepper robot and express how much do you agree with the properties attributed to it (scale: 0%-100%, scroll in to see all the options).  [Communicate with people]",Which picture best describes your relationship with Italy or Germany?,-0.8865926413116155
Please rate your impression of the robot you just interacted with by selecting a point on the scale between the two adjectives. There are no right or wrong answers. ,I see myself as someone who  [... has few artistic interests],-0.8865926413116155
Please rate your impression of the robot you just interacted with by selecting a point on the scale between the two adjectives. There are no right or wrong answers. .2,extraversion,-0.8866206949335731
extraversion,Please rate your impression of the robot you just interacted with by selecting a point on the scale between the two adjectives. There are no right or wrong answers. .2,-0.8866206949335731
I see myself as someone who  [... has active imagination],Which picture best describes your relationship with Italy or Germany?,-0.8944271909999159
I see myself as someone who  [... is generally trusting],openness,-0.8944271909999159
Which picture best describes your relationship with Italy or Germany?,I see myself as someone who  [... has active imagination],-0.8944271909999159
openness,I see myself as someone who  [... has few artistic interests],-0.8944271909999159
I see myself as someone who  [... has few artistic interests],openness,-0.8944271909999159
openness,I see myself as someone who  [... is generally trusting],-0.8944271909999159
"Consider expectations toward Pepper robot and express how much do you agree with the properties attributed to it (scale: 0%-100%, scroll in to see all the options).  [Meet the needs of the mission]",Which picture best describes your relationship with Italy or Germany?,-0.8944271909999163
Which picture best describes your relationship with Italy or Germany?,"Consider expectations toward Pepper robot and express how much do you agree with the properties attributed to it (scale: 0%-100%, scroll in to see all the options).  [Meet the needs of the mission]",-0.8944271909999163
"I see myself as someone who  [... is relaxed, handles stress well]",Which picture best describes the relationship between Pepper and your country? ,-0.899228803025897
Which picture best describes the relationship between Pepper and your country? ,"I see myself as someone who  [... is relaxed, handles stress well]",-0.899228803025897
"I see myself as someone who  [... is relaxed, handles stress well]",openness,-0.9045340337332909
openness,"I see myself as someone who  [... is relaxed, handles stress well]",-0.9045340337332909
"I see myself as someone who  [... is ongoing, sociable]",mean_cultural_closeness,-0.9053574604251854
mean_cultural_closeness,"I see myself as someone who  [... is ongoing, sociable]",-0.9053574604251854
Please rate your impression of the robot you just interacted with by selecting a point on the scale between the two adjectives. There are no right or wrong answers. .5,I see myself as someone who  [... is generally trusting],-0.9128709291752769
Please rate your impression of the robot you just interacted with by selecting a point on the scale between the two adjectives. There are no right or wrong answers. .3,I see myself as someone who  [... has few artistic interests],-0.9128709291752769
Please rate your impression of the robot you just interacted with by selecting a point on the scale between the two adjectives. There are no right or wrong answers. .5,I see myself as someone who  [... has few artistic interests],-0.9128709291752769
I see myself as someone who  [... is generally trusting],Please rate your impression of the robot you just interacted with by selecting a point on the scale between the two adjectives. There are no right or wrong answers. .5,-0.9128709291752769
Please rate your impression of the robot you just interacted with by selecting a point on the scale between the two adjectives. There are no right or wrong answers. .3,I see myself as someone who  [... is generally trusting],-0.9128709291752769
I see myself as someone who  [... is generally trusting],Please rate your impression of the robot you just interacted with by selecting a point on the scale between the two adjectives. There are no right or wrong answers. .3,-0.9128709291752769
I see myself as someone who  [... has few artistic interests],Please rate your impression of the robot you just interacted with by selecting a point on the scale between the two adjectives. There are no right or wrong answers. .3,-0.9128709291752769
I see myself as someone who  [... has few artistic interests],Please rate your impression of the robot you just interacted with by selecting a point on the scale between the two adjectives. There are no right or wrong answers. .5,-0.9128709291752769
I see myself as someone who  [... is generally trusting],mean_cultural_closeness,-0.9161573349021891
mean_cultural_closeness,I see myself as someone who  [... is generally trusting],-0.9161573349021891
I see myself as someone who  [... is generally trusting],Which picture best describes the relationship between Pepper and your country? ,-0.9233805168766388
Which picture best describes the relationship between Pepper and your country? ,I see myself as someone who  [... is generally trusting],-0.9233805168766388
Which picture best describes the relationship between Pepper and your country? ,Which picture best describes your relationship with Italian or German Culture?,-0.9233805168766388
Which picture best describes your relationship with Italian or German Culture?,Which picture best describes the relationship between Pepper and your country? ,-0.9233805168766388
agreebleness,I see myself as someone who  [... tends to find fault with others],-0.9258200997725514
"Consider expectations toward Pepper robot and express how much do you agree with the properties attributed to it (scale: 0%-100%, scroll in to see all the options).  [Provide Feedback]",agreebleness,-0.9258200997725514
I see myself as someone who  [... tends to find fault with others],agreebleness,-0.9258200997725514
agreebleness,"Consider expectations toward Pepper robot and express how much do you agree with the properties attributed to it (scale: 0%-100%, scroll in to see all the options).  [Provide Feedback]",-0.9258200997725514
mean_competence,"I see myself as someone who  [... is ongoing, sociable]",-0.9310673302215754
"I see myself as someone who  [... is ongoing, sociable]",mean_competence,-0.9310673302215754
Which picture best describes your relationship with Italian or German Culture?,mean_competence,-0.9368206331502783
mean_competence,Which picture best describes your relationship with Italian or German Culture?,-0.9368206331502783
Which picture best describes your relationship with Italian or German Culture?,Please rate your impression of the robot you just interacted with by selecting a point on the scale between the two adjectives. There are no right or wrong answers. .2,-0.9393364366277243
Please rate your impression of the robot you just interacted with by selecting a point on the scale between the two adjectives. There are no right or wrong answers. .2,Which picture best describes your relationship with Italian or German Culture?,-0.9393364366277243
coscientiousness,Please rate your impression of the robot you just interacted with by selecting a point on the scale between the two adjectives. There are no right or wrong answers. .4,-0.9428571428571428
Please rate your impression of the robot you just interacted with by selecting a point on the scale between the two adjectives. There are no right or wrong answers. .4,coscientiousness,-0.9428571428571428
I see myself as someone who  [... has few artistic interests],Which picture best describes the relationship between Pepper and your own preferences? ,-0.9438798074485389
Which picture best describes your relationship with Italian or German Culture?,neuroticism,-0.9438798074485389
neuroticism,Which picture best describes your relationship with Italian or German Culture?,-0.9438798074485389
Which picture best describes the relationship between Pepper and your own preferences? ,I see myself as someone who  [... is generally trusting],-0.9438798074485389
Please rate your impression of the robot you just interacted with by selecting a point on the scale between the two adjectives. There are no right or wrong answers. .1,Which picture best describes your relationship with Italian or German Culture?,-0.9438798074485389
Which picture best describes the relationship between Pepper and your own preferences? ,I see myself as someone who  [... has few artistic interests],-0.9438798074485389
I see myself as someone who  [... is generally trusting],Which picture best describes the relationship between Pepper and your own preferences? ,-0.9438798074485389
Which picture best describes your relationship with Italian or German Culture?,Please rate your impression of the robot you just interacted with by selecting a point on the scale between the two adjectives. There are no right or wrong answers. .1,-0.9438798074485389
"Consider expectations toward Pepper robot and express how much do you agree with the properties attributed to it (scale: 0%-100%, scroll in to see all the options).  [Function successfully]",Which picture best describes your relationship with Italian or German Culture?,-0.943879807448539
Which picture best describes your relationship with Italian or German Culture?,"Consider expectations toward Pepper robot and express how much do you agree with the properties attributed to it (scale: 0%-100%, scroll in to see all the options).  [Function successfully]",-0.943879807448539
"Consider expectations toward Pepper robot and express how much do you agree with the properties attributed to it (scale: 0%-100%, scroll in to see all the options).  [Provide appropriate information]",agreebleness,-0.944911182523068
agreebleness,"Consider expectations toward Pepper robot and express how much do you agree with the properties attributed to it (scale: 0%-100%, scroll in to see all the options).  [Provide appropriate information]",-0.944911182523068
"Consider expectations toward Pepper robot and express how much do you agree with the properties attributed to it (scale: 0%-100%, scroll in to see all the options).  [Perform exactly as instructed]",Which picture best describes your relationship with Italy or Germany?,-0.9467292624062573
Which picture best describes your relationship with Italy or Germany?,"Consider expectations toward Pepper robot and express how much do you agree with the properties attributed to it (scale: 0%-100%, scroll in to see all the options).  [Perform exactly as instructed]",-0.9467292624062573
I see myself as someone who  [... is generally trusting],"Consider expectations toward Pepper robot and express how much do you agree with the properties attributed to it (scale: 0%-100%, scroll in to see all the options).  [Provide appropriate information]",-0.9486832980505139
Which picture best describes your relationship with Italian or German Culture?,"Consider expectations toward Pepper robot and express how much do you agree with the properties attributed to it (scale: 0%-100%, scroll in to see all the options).  [Provide appropriate information]",-0.9486832980505139
"Consider expectations toward Pepper robot and express how much do you agree with the properties attributed to it (scale: 0%-100%, scroll in to see all the options).  [Provide appropriate information]",Which picture best describes your relationship with Italian or German Culture?,-0.9486832980505139
"Consider expectations toward Pepper robot and express how much do you agree with the properties attributed to it (scale: 0%-100%, scroll in to see all the options).  [Provide appropriate information]",I see myself as someone who  [... is generally trusting],-0.9486832980505139
"I see myself as someone who  [... is ongoing, sociable]","Consider expectations toward Pepper robot and express how much do you agree with the properties attributed to it (scale: 0%-100%, scroll in to see all the options).  [Predictable]",-0.9561828874675148
"Consider expectations toward Pepper robot and express how much do you agree with the properties attributed to it (scale: 0%-100%, scroll in to see all the options).  [Predictable]","I see myself as someone who  [... is ongoing, sociable]",-0.9561828874675148
mean_cultural_closeness,"I see myself as someone who  [... is relaxed, handles stress well]",-0.9651142956027285
"I see myself as someone who  [... is relaxed, handles stress well]",mean_cultural_closeness,-0.9651142956027285
Please rate your impression of the robot you just interacted with by selecting a point on the scale between the two adjectives. There are no right or wrong answers. ,"I see myself as someone who  [... is relaxed, handles stress well]",-0.9655810287305759
"I see myself as someone who  [... is relaxed, handles stress well]",Please rate your impression of the robot you just interacted with by selecting a point on the scale between the two adjectives. There are no right or wrong answers. ,-0.9655810287305759
"Consider expectations toward Pepper robot and express how much do you agree with the properties attributed to it (scale: 0%-100%, scroll in to see all the options).  [Communicate with people]",mean_cultural_closeness_subj,-0.968495996958186
mean_cultural_closeness_subj,"Consider expectations toward Pepper robot and express how much do you agree with the properties attributed to it (scale: 0%-100%, scroll in to see all the options).  [Communicate with people]",-0.968495996958186
Which picture best describes the relationship between Pepper and your country? ,"I see myself as someone who  [... is ongoing, sociable]",-0.9733285267845753
"I see myself as someone who  [... is ongoing, sociable]",Which picture best describes the relationship between Pepper and your country? ,-0.9733285267845753
coscientiousness,"Consider expectations toward Pepper robot and express how much do you agree with the properties attributed to it (scale: 0%-100%, scroll in to see all the options).  [Have errors]",-0.9803789354850792
"Consider expectations toward Pepper robot and express how much do you agree with the properties attributed to it (scale: 0%-100%, scroll in to see all the options).  [Have errors]",coscientiousness,-0.9803789354850792
I see myself as someone who  [... is generally trusting],"Consider expectations toward Pepper robot and express how much do you agree with the properties attributed to it (scale: 0%-100%, scroll in to see all the options).  [Predictable]",-0.9827076298239906
"Consider expectations toward Pepper robot and express how much do you agree with the properties attributed to it (scale: 0%-100%, scroll in to see all the options).  [Predictable]",I see myself as someone who  [... is generally trusting],-0.9827076298239906
I see myself as someone who  [... tends to be lazy],coscientiousness,-0.9827076298239908
coscientiousness,I see myself as someone who  [... tends to be lazy],-0.9827076298239908
"I see myself as someone who  [... is relaxed, handles stress well]",Please rate your impression of the robot you just interacted with by selecting a point on the scale between the two adjectives. There are no right or wrong answers. .5,-0.9847319278346617
"I see myself as someone who  [... is relaxed, handles stress well]",Please rate your impression of the robot you just interacted with by selecting a point on the scale between the two adjectives. There are no right or wrong answers. .3,-0.9847319278346617
Please rate your impression of the robot you just interacted with by selecting a point on the scale between the two adjectives. There are no right or wrong answers. .5,"I see myself as someone who  [... is relaxed, handles stress well]",-0.9847319278346617
Please rate your impression of the robot you just interacted with by selecting a point on the scale between the two adjectives. There are no right or wrong answers. .3,"I see myself as someone who  [... is relaxed, handles stress well]",-0.9847319278346617
agreebleness,"Consider expectations toward Pepper robot and express how much do you agree with the properties attributed to it (scale: 0%-100%, scroll in to see all the options).  [Predictable]",-0.9938586931957765
"Consider expectations toward Pepper robot and express how much do you agree with the properties attributed to it (scale: 0%-100%, scroll in to see all the options).  [Predictable]",agreebleness,-0.9938586931957765
"Consider expectations toward Pepper robot and express how much do you agree with the properties attributed to it (scale: 0%-100%, scroll in to see all the options).  [Provide Feedback]",mean_cultural_closeness_subj,-0.9999999999999993
mean_cultural_closeness_subj,"Consider expectations toward Pepper robot and express how much do you agree with the properties attributed to it (scale: 0%-100%, scroll in to see all the options).  [Provide Feedback]",-0.9999999999999993
mean_cultural_closeness_subj,I see myself as someone who  [... tends to find fault with others],-0.9999999999999997
I see myself as someone who  [... tends to find fault with others],mean_cultural_closeness_subj,-0.9999999999999997
"Consider expectations toward Pepper robot and express how much do you agree with the properties attributed to it (scale: 0%-100%, scroll in to see all the options).  [Function successfully]",extraversion,-0.9999999999999998
extraversion,"Consider expectations toward Pepper robot and express how much do you agree with the properties attributed to it (scale: 0%-100%, scroll in to see all the options).  [Function successfully]",-0.9999999999999998
Which picture best describes the relationship between Pepper and your own preferences? ,"I see myself as someone who  [... is relaxed, handles stress well]",-0.9999999999999999
"I see myself as someone who  [... is relaxed, handles stress well]",Which picture best describes the relationship between Pepper and your own preferences? ,-0.9999999999999999
Please rate your impression of the robot you just interacted with by selecting a point on the scale between the two adjectives. There are no right or wrong answers. .1,extraversion,-1.0
"Consider expectations toward Pepper robot and express how much do you agree with the properties attributed to it (scale: 0%-100%, scroll in to see all the options).  [Reliable]",Which picture best describes your relationship with Italy or Germany?,-1.0
Which picture best describes your relationship with Italy or Germany?,"Consider expectations toward Pepper robot and express how much do you agree with the properties attributed to it (scale: 0%-100%, scroll in to see all the options).  [Reliable]",-1.0
extraversion,Please rate your impression of the robot you just interacted with by selecting a point on the scale between the two adjectives. There are no right or wrong answers. .1,-1.0
"Consider expectations toward Pepper robot and express how much do you agree with the properties attributed to it (scale: 0%-100%, scroll in to see all the options).  [Provide appropriate information]","I see myself as someone who  [... is ongoing, sociable]",-1.0000000000000002
"I see myself as someone who  [... is ongoing, sociable]","Consider expectations toward Pepper robot and express how much do you agree with the properties attributed to it (scale: 0%-100%, scroll in to see all the options).  [Provide appropriate information]",-1.0000000000000002
