,,0
Please rate your impression of the robot you just interacted with by selecting a point on the scale between the two adjectives. There are no right or wrong answers. ,I see myself as someone who  [... tends to find fault with others],0.9999999999999999
I see myself as someone who  [... tends to find fault with others],Please rate your impression of the robot you just interacted with by selecting a point on the scale between the two adjectives. There are no right or wrong answers. ,0.9999999999999999
I see myself as someone who  [... does a thorough job],"Consider expectations toward Pepper robot and express how much do you agree with the properties attributed to it (scale: 0%-100%, scroll in to see all the options).  [Act consistenly]",0.9999999999999998
"Consider expectations toward Pepper robot and express how much do you agree with the properties attributed to it (scale: 0%-100%, scroll in to see all the options).  [Provide Feedback]",Please rate your impression of the robot you just interacted with by selecting a point on the scale between the two adjectives. There are no right or wrong answers. ,0.9999999999999998
"Consider expectations toward Pepper robot and express how much do you agree with the properties attributed to it (scale: 0%-100%, scroll in to see all the options).  [Act consistenly]",I see myself as someone who  [... does a thorough job],0.9999999999999998
Please rate your impression of the robot you just interacted with by selecting a point on the scale between the two adjectives. There are no right or wrong answers. ,"Consider expectations toward Pepper robot and express how much do you agree with the properties attributed to it (scale: 0%-100%, scroll in to see all the options).  [Provide Feedback]",0.9999999999999998
Which picture best describes the relationship between Pepper and your own preferences? ,mean_cultural_closeness,0.9962679474209224
mean_cultural_closeness,Which picture best describes the relationship between Pepper and your own preferences? ,0.9962679474209224
mean_cultural_closeness,Which picture best describes the relationship between Pepper and your national culture? ,0.9944903161976939
Which picture best describes the relationship between Pepper and your national culture? ,mean_cultural_closeness,0.9944903161976939
"Consider expectations toward Pepper robot and express how much do you agree with the properties attributed to it (scale: 0%-100%, scroll in to see all the options).  [Predictable]",Which picture best describes the relationship between Pepper and your own preferences? ,0.9902674083052384
Which picture best describes the relationship between Pepper and your own preferences? ,"Consider expectations toward Pepper robot and express how much do you agree with the properties attributed to it (scale: 0%-100%, scroll in to see all the options).  [Predictable]",0.9902674083052384
mean_cultural_closeness,Which picture best describes the relationship between Pepper and your country? ,0.988538303359044
Which picture best describes the relationship between Pepper and your country? ,mean_cultural_closeness,0.988538303359044
Which picture best describes the relationship between Pepper and your own preferences? ,Which picture best describes the relationship between Pepper and your national culture? ,0.9880643635111419
Which picture best describes the relationship between Pepper and your national culture? ,Which picture best describes the relationship between Pepper and your own preferences? ,0.9880643635111419
"Consider expectations toward Pepper robot and express how much do you agree with the properties attributed to it (scale: 0%-100%, scroll in to see all the options).  [Have errors]",I see myself as someone who  [... tends to be lazy],0.9838699100999075
I see myself as someone who  [... tends to be lazy],"Consider expectations toward Pepper robot and express how much do you agree with the properties attributed to it (scale: 0%-100%, scroll in to see all the options).  [Have errors]",0.9838699100999075
Please rate your impression of the robot you just interacted with by selecting a point on the scale between the two adjectives. There are no right or wrong answers. .3,Please rate your impression of the robot you just interacted with by selecting a point on the scale between the two adjectives. There are no right or wrong answers. .2,0.9827076298239906
"Consider expectations toward Pepper robot and express how much do you agree with the properties attributed to it (scale: 0%-100%, scroll in to see all the options).  [Reliable]",Please rate your impression of the robot you just interacted with by selecting a point on the scale between the two adjectives. There are no right or wrong answers. .2,0.9827076298239906
Please rate your impression of the robot you just interacted with by selecting a point on the scale between the two adjectives. There are no right or wrong answers. .2,"Consider expectations toward Pepper robot and express how much do you agree with the properties attributed to it (scale: 0%-100%, scroll in to see all the options).  [Reliable]",0.9827076298239906
Please rate your impression of the robot you just interacted with by selecting a point on the scale between the two adjectives. There are no right or wrong answers. .2,Please rate your impression of the robot you just interacted with by selecting a point on the scale between the two adjectives. There are no right or wrong answers. .3,0.9827076298239906
I see myself as someone who  [... has few artistic interests],mean_personality_subj,0.979526092372616
mean_personality_subj,I see myself as someone who  [... has few artistic interests],0.979526092372616
Which picture best describes the relationship between Pepper and your country? ,Which picture best describes the relationship between Pepper and your own preferences? ,0.9771398364036775
Which picture best describes the relationship between Pepper and your own preferences? ,Which picture best describes the relationship between Pepper and your country? ,0.9771398364036775
mean_trust_subj,"Consider expectations toward Pepper robot and express how much do you agree with the properties attributed to it (scale: 0%-100%, scroll in to see all the options).  [Follow directions]",0.9747994963195591
"Consider expectations toward Pepper robot and express how much do you agree with the properties attributed to it (scale: 0%-100%, scroll in to see all the options).  [Follow directions]",mean_trust_subj,0.9747994963195591
"Consider expectations toward Pepper robot and express how much do you agree with the properties attributed to it (scale: 0%-100%, scroll in to see all the options).  [Unresponsive]",mean_trust_subj,0.9747994963195589
mean_trust_subj,"Consider expectations toward Pepper robot and express how much do you agree with the properties attributed to it (scale: 0%-100%, scroll in to see all the options).  [Unresponsive]",0.9747994963195589
"Consider expectations toward Pepper robot and express how much do you agree with the properties attributed to it (scale: 0%-100%, scroll in to see all the options).  [Malfunction]",mean_trust_subj,0.9747994963195586
mean_trust_subj,"Consider expectations toward Pepper robot and express how much do you agree with the properties attributed to it (scale: 0%-100%, scroll in to see all the options).  [Malfunction]",0.9747994963195586
"Consider expectations toward Pepper robot and express how much do you agree with the properties attributed to it (scale: 0%-100%, scroll in to see all the options).  [Predictable]",mean_cultural_closeness,0.9745586289152093
mean_cultural_closeness,"Consider expectations toward Pepper robot and express how much do you agree with the properties attributed to it (scale: 0%-100%, scroll in to see all the options).  [Predictable]",0.9745586289152093
"Consider expectations toward Pepper robot and express how much do you agree with the properties attributed to it (scale: 0%-100%, scroll in to see all the options).  [Communicate with people]",mean_competence,0.974403002388177
mean_competence,"Consider expectations toward Pepper robot and express how much do you agree with the properties attributed to it (scale: 0%-100%, scroll in to see all the options).  [Communicate with people]",0.974403002388177
Which picture best describes the relationship between Pepper and your national culture? ,Which picture best describes the relationship between Pepper and your country? ,0.9737289911202953
Which picture best describes the relationship between Pepper and your country? ,Which picture best describes the relationship between Pepper and your national culture? ,0.9737289911202953
I see myself as someone who  [... get nervous easily],"Consider expectations toward Pepper robot and express how much do you agree with the properties attributed to it (scale: 0%-100%, scroll in to see all the options).  [Dependable]",0.9733285267845752
"Consider expectations toward Pepper robot and express how much do you agree with the properties attributed to it (scale: 0%-100%, scroll in to see all the options).  [Dependable]",I see myself as someone who  [... get nervous easily],0.9733285267845752
I see myself as someone who  [... tends to find fault with others],mean_competence,0.9728592991419756
mean_competence,I see myself as someone who  [... tends to find fault with others],0.9728592991419756
Please rate your impression of the robot you just interacted with by selecting a point on the scale between the two adjectives. There are no right or wrong answers. ,mean_competence,0.9728592991419753
mean_competence,Please rate your impression of the robot you just interacted with by selecting a point on the scale between the two adjectives. There are no right or wrong answers. ,0.9728592991419753
"Consider expectations toward Pepper robot and express how much do you agree with the properties attributed to it (scale: 0%-100%, scroll in to see all the options).  [Provide Feedback]",mean_competence,0.9728592991419751
mean_competence,"Consider expectations toward Pepper robot and express how much do you agree with the properties attributed to it (scale: 0%-100%, scroll in to see all the options).  [Provide Feedback]",0.9728592991419751
"Consider expectations toward Pepper robot and express how much do you agree with the properties attributed to it (scale: 0%-100%, scroll in to see all the options).  [Provide Feedback]","Consider expectations toward Pepper robot and express how much do you agree with the properties attributed to it (scale: 0%-100%, scroll in to see all the options).  [Communicate with people]",0.9684959969581864
"Consider expectations toward Pepper robot and express how much do you agree with the properties attributed to it (scale: 0%-100%, scroll in to see all the options).  [Communicate with people]","Consider expectations toward Pepper robot and express how much do you agree with the properties attributed to it (scale: 0%-100%, scroll in to see all the options).  [Provide Feedback]",0.9684959969581864
"Consider expectations toward Pepper robot and express how much do you agree with the properties attributed to it (scale: 0%-100%, scroll in to see all the options).  [Communicate with people]",Please rate your impression of the robot you just interacted with by selecting a point on the scale between the two adjectives. There are no right or wrong answers. ,0.9684959969581863
Please rate your impression of the robot you just interacted with by selecting a point on the scale between the two adjectives. There are no right or wrong answers. ,"Consider expectations toward Pepper robot and express how much do you agree with the properties attributed to it (scale: 0%-100%, scroll in to see all the options).  [Communicate with people]",0.9684959969581863
"Consider expectations toward Pepper robot and express how much do you agree with the properties attributed to it (scale: 0%-100%, scroll in to see all the options).  [Communicate with people]",I see myself as someone who  [... tends to find fault with others],0.968495996958186
I see myself as someone who  [... tends to find fault with others],"Consider expectations toward Pepper robot and express how much do you agree with the properties attributed to it (scale: 0%-100%, scroll in to see all the options).  [Communicate with people]",0.968495996958186
"Consider expectations toward Pepper robot and express how much do you agree with the properties attributed to it (scale: 0%-100%, scroll in to see all the options).  [Predictable]",Please rate your impression of the robot you just interacted with by selecting a point on the scale between the two adjectives. There are no right or wrong answers. .5,0.9660917830792959
Please rate your impression of the robot you just interacted with by selecting a point on the scale between the two adjectives. There are no right or wrong answers. .5,"Consider expectations toward Pepper robot and express how much do you agree with the properties attributed to it (scale: 0%-100%, scroll in to see all the options).  [Predictable]",0.9660917830792959
Please rate your impression of the robot you just interacted with by selecting a point on the scale between the two adjectives. There are no right or wrong answers. .4,"Consider expectations toward Pepper robot and express how much do you agree with the properties attributed to it (scale: 0%-100%, scroll in to see all the options).  [Predictable]",0.9660917830792959
"Consider expectations toward Pepper robot and express how much do you agree with the properties attributed to it (scale: 0%-100%, scroll in to see all the options).  [Predictable]",Please rate your impression of the robot you just interacted with by selecting a point on the scale between the two adjectives. There are no right or wrong answers. .4,0.9660917830792959
I see myself as someone who  [... has active imagination],"Consider expectations toward Pepper robot and express how much do you agree with the properties attributed to it (scale: 0%-100%, scroll in to see all the options).  [Perform exactly as instructed]",0.9622504486493764
"Consider expectations toward Pepper robot and express how much do you agree with the properties attributed to it (scale: 0%-100%, scroll in to see all the options).  [Perform exactly as instructed]",I see myself as someone who  [... has active imagination],0.9622504486493764
Which picture best describes the relationship between Pepper and your country? ,openness,0.9622504486493763
openness,Which picture best describes the relationship between Pepper and your country? ,0.9622504486493763
"Consider expectations toward Pepper robot and express how much do you agree with the properties attributed to it (scale: 0%-100%, scroll in to see all the options).  [Perform exactly as instructed]","Consider expectations toward Pepper robot and express how much do you agree with the properties attributed to it (scale: 0%-100%, scroll in to see all the options).  [Meet the needs of the mission]",0.9622504486493759
"Consider expectations toward Pepper robot and express how much do you agree with the properties attributed to it (scale: 0%-100%, scroll in to see all the options).  [Meet the needs of the mission]","Consider expectations toward Pepper robot and express how much do you agree with the properties attributed to it (scale: 0%-100%, scroll in to see all the options).  [Perform exactly as instructed]",0.9622504486493759
"Consider expectations toward Pepper robot and express how much do you agree with the properties attributed to it (scale: 0%-100%, scroll in to see all the options).  [Predictable]",Which picture best describes the relationship between Pepper and your national culture? ,0.9621404708847276
Which picture best describes the relationship between Pepper and your national culture? ,"Consider expectations toward Pepper robot and express how much do you agree with the properties attributed to it (scale: 0%-100%, scroll in to see all the options).  [Predictable]",0.9621404708847276
Which picture best describes the relationship between Pepper and your own preferences? ,Please rate your impression of the robot you just interacted with by selecting a point on the scale between the two adjectives. There are no right or wrong answers. .5,0.956689206214921
Which picture best describes the relationship between Pepper and your own preferences? ,Please rate your impression of the robot you just interacted with by selecting a point on the scale between the two adjectives. There are no right or wrong answers. .4,0.956689206214921
Please rate your impression of the robot you just interacted with by selecting a point on the scale between the two adjectives. There are no right or wrong answers. .4,Which picture best describes the relationship between Pepper and your own preferences? ,0.956689206214921
Please rate your impression of the robot you just interacted with by selecting a point on the scale between the two adjectives. There are no right or wrong answers. .5,Which picture best describes the relationship between Pepper and your own preferences? ,0.956689206214921
"Consider expectations toward Pepper robot and express how much do you agree with the properties attributed to it (scale: 0%-100%, scroll in to see all the options).  [Provide appropriate information]","Consider expectations toward Pepper robot and express how much do you agree with the properties attributed to it (scale: 0%-100%, scroll in to see all the options).  [Predictable]",0.9561828874675151
"Consider expectations toward Pepper robot and express how much do you agree with the properties attributed to it (scale: 0%-100%, scroll in to see all the options).  [Predictable]","Consider expectations toward Pepper robot and express how much do you agree with the properties attributed to it (scale: 0%-100%, scroll in to see all the options).  [Provide appropriate information]",0.9561828874675151
agreebleness,I see myself as someone who  [... is generally trusting],0.9561828874675149
I see myself as someone who  [... is generally trusting],agreebleness,0.9561828874675149
mean_competence,Please rate your impression of the robot you just interacted with by selecting a point on the scale between the two adjectives. There are no right or wrong answers. .2,0.9538737926972919
Please rate your impression of the robot you just interacted with by selecting a point on the scale between the two adjectives. There are no right or wrong answers. .2,mean_competence,0.9538737926972919
Please rate your impression of the robot you just interacted with by selecting a point on the scale between the two adjectives. There are no right or wrong answers. .2,"Consider expectations toward Pepper robot and express how much do you agree with the properties attributed to it (scale: 0%-100%, scroll in to see all the options).  [Communicate with people]",0.9537476351189641
"Consider expectations toward Pepper robot and express how much do you agree with the properties attributed to it (scale: 0%-100%, scroll in to see all the options).  [Communicate with people]",Please rate your impression of the robot you just interacted with by selecting a point on the scale between the two adjectives. There are no right or wrong answers. .2,0.9537476351189641
neuroticism,mean_trust_subj,0.9534649110255766
mean_trust_subj,neuroticism,0.9534649110255766
Please rate your impression of the robot you just interacted with by selecting a point on the scale between the two adjectives. There are no right or wrong answers. .5,mean_competence,0.9510776775712662
Please rate your impression of the robot you just interacted with by selecting a point on the scale between the two adjectives. There are no right or wrong answers. .4,mean_competence,0.9510776775712662
mean_competence,Please rate your impression of the robot you just interacted with by selecting a point on the scale between the two adjectives. There are no right or wrong answers. .4,0.9510776775712662
mean_competence,Please rate your impression of the robot you just interacted with by selecting a point on the scale between the two adjectives. There are no right or wrong answers. .5,0.9510776775712662
"I see myself as someone who  [... is ongoing, sociable]",Which picture best describes your relationship with Italian or German Culture?,0.9486832980505138
Which picture best describes your relationship with Italian or German Culture?,"I see myself as someone who  [... is ongoing, sociable]",0.9486832980505138
"I see myself as someone who  [... is ongoing, sociable]",I see myself as someone who  [... is generally trusting],0.9486832980505138
openness,Which picture best describes the relationship between Pepper and your national culture? ,0.9486832980505138
I see myself as someone who  [... is generally trusting],"I see myself as someone who  [... is ongoing, sociable]",0.9486832980505138
Which picture best describes the relationship between Pepper and your national culture? ,openness,0.9486832980505138
"Consider expectations toward Pepper robot and express how much do you agree with the properties attributed to it (scale: 0%-100%, scroll in to see all the options).  [Reliable]","Consider expectations toward Pepper robot and express how much do you agree with the properties attributed to it (scale: 0%-100%, scroll in to see all the options).  [Perform exactly as instructed]",0.9467292624062575
"Consider expectations toward Pepper robot and express how much do you agree with the properties attributed to it (scale: 0%-100%, scroll in to see all the options).  [Perform exactly as instructed]","Consider expectations toward Pepper robot and express how much do you agree with the properties attributed to it (scale: 0%-100%, scroll in to see all the options).  [Reliable]",0.9467292624062575
"Consider expectations toward Pepper robot and express how much do you agree with the properties attributed to it (scale: 0%-100%, scroll in to see all the options).  [Perform exactly as instructed]",Please rate your impression of the robot you just interacted with by selecting a point on the scale between the two adjectives. There are no right or wrong answers. .3,0.9467292624062571
Please rate your impression of the robot you just interacted with by selecting a point on the scale between the two adjectives. There are no right or wrong answers. .3,"Consider expectations toward Pepper robot and express how much do you agree with the properties attributed to it (scale: 0%-100%, scroll in to see all the options).  [Perform exactly as instructed]",0.9467292624062571
agreebleness,"I see myself as someone who  [... is ongoing, sociable]",0.944911182523068
"I see myself as someone who  [... is ongoing, sociable]",agreebleness,0.944911182523068
neuroticism,I see myself as someone who  [... tends to be lazy],0.9438798074485389
"I see myself as someone who  [... is relaxed, handles stress well]",I see myself as someone who  [... has few artistic interests],0.9438798074485389
"I see myself as someone who  [... is relaxed, handles stress well]",I see myself as someone who  [... is generally trusting],0.9438798074485389
extraversion,Which picture best describes your relationship with Italian or German Culture?,0.9438798074485389
I see myself as someone who  [... tends to be lazy],neuroticism,0.9438798074485389
I see myself as someone who  [... has few artistic interests],"I see myself as someone who  [... is relaxed, handles stress well]",0.9438798074485389
Which picture best describes your relationship with Italian or German Culture?,extraversion,0.9438798074485389
I see myself as someone who  [... is generally trusting],"I see myself as someone who  [... is relaxed, handles stress well]",0.9438798074485389
mean_cultural_closeness,openness,0.9434563530497264
openness,mean_cultural_closeness,0.9434563530497264
Which picture best describes the relationship between Pepper and your country? ,"Consider expectations toward Pepper robot and express how much do you agree with the properties attributed to it (scale: 0%-100%, scroll in to see all the options).  [Predictable]",0.9433700705169155
"Consider expectations toward Pepper robot and express how much do you agree with the properties attributed to it (scale: 0%-100%, scroll in to see all the options).  [Predictable]",Which picture best describes the relationship between Pepper and your country? ,0.9433700705169155
Please rate your impression of the robot you just interacted with by selecting a point on the scale between the two adjectives. There are no right or wrong answers. .5,Please rate your impression of the robot you just interacted with by selecting a point on the scale between the two adjectives. There are no right or wrong answers. ,0.9428090415820635
Please rate your impression of the robot you just interacted with by selecting a point on the scale between the two adjectives. There are no right or wrong answers. .4,Please rate your impression of the robot you just interacted with by selecting a point on the scale between the two adjectives. There are no right or wrong answers. ,0.9428090415820635
Please rate your impression of the robot you just interacted with by selecting a point on the scale between the two adjectives. There are no right or wrong answers. ,Please rate your impression of the robot you just interacted with by selecting a point on the scale between the two adjectives. There are no right or wrong answers. .5,0.9428090415820635
Please rate your impression of the robot you just interacted with by selecting a point on the scale between the two adjectives. There are no right or wrong answers. ,Please rate your impression of the robot you just interacted with by selecting a point on the scale between the two adjectives. There are no right or wrong answers. .4,0.9428090415820635
Please rate your impression of the robot you just interacted with by selecting a point on the scale between the two adjectives. There are no right or wrong answers. .4,I see myself as someone who  [... tends to find fault with others],0.9428090415820634
I see myself as someone who  [... tends to find fault with others],Please rate your impression of the robot you just interacted with by selecting a point on the scale between the two adjectives. There are no right or wrong answers. .5,0.9428090415820634
I see myself as someone who  [... tends to find fault with others],Please rate your impression of the robot you just interacted with by selecting a point on the scale between the two adjectives. There are no right or wrong answers. .4,0.9428090415820634
Please rate your impression of the robot you just interacted with by selecting a point on the scale between the two adjectives. There are no right or wrong answers. .5,I see myself as someone who  [... tends to find fault with others],0.9428090415820634
Which picture best describes the relationship between Pepper and your country? ,Please rate your impression of the robot you just interacted with by selecting a point on the scale between the two adjectives. There are no right or wrong answers. .4,0.9428090415820634
Please rate your impression of the robot you just interacted with by selecting a point on the scale between the two adjectives. There are no right or wrong answers. .5,Which picture best describes the relationship between Pepper and your country? ,0.9428090415820634
Please rate your impression of the robot you just interacted with by selecting a point on the scale between the two adjectives. There are no right or wrong answers. .4,Which picture best describes the relationship between Pepper and your country? ,0.9428090415820634
Which picture best describes the relationship between Pepper and your country? ,Please rate your impression of the robot you just interacted with by selecting a point on the scale between the two adjectives. There are no right or wrong answers. .5,0.9428090415820634
"Consider expectations toward Pepper robot and express how much do you agree with the properties attributed to it (scale: 0%-100%, scroll in to see all the options).  [Provide Feedback]",Please rate your impression of the robot you just interacted with by selecting a point on the scale between the two adjectives. There are no right or wrong answers. .5,0.9428090415820631
"Consider expectations toward Pepper robot and express how much do you agree with the properties attributed to it (scale: 0%-100%, scroll in to see all the options).  [Provide Feedback]",Please rate your impression of the robot you just interacted with by selecting a point on the scale between the two adjectives. There are no right or wrong answers. .4,0.9428090415820631
Please rate your impression of the robot you just interacted with by selecting a point on the scale between the two adjectives. There are no right or wrong answers. .4,"Consider expectations toward Pepper robot and express how much do you agree with the properties attributed to it (scale: 0%-100%, scroll in to see all the options).  [Provide Feedback]",0.9428090415820631
Please rate your impression of the robot you just interacted with by selecting a point on the scale between the two adjectives. There are no right or wrong answers. .5,"Consider expectations toward Pepper robot and express how much do you agree with the properties attributed to it (scale: 0%-100%, scroll in to see all the options).  [Provide Feedback]",0.9428090415820631
Please rate your impression of the robot you just interacted with by selecting a point on the scale between the two adjectives. There are no right or wrong answers. .5,mean_cultural_closeness,0.9415130835240085
Please rate your impression of the robot you just interacted with by selecting a point on the scale between the two adjectives. There are no right or wrong answers. .4,mean_cultural_closeness,0.9415130835240085
mean_cultural_closeness,Please rate your impression of the robot you just interacted with by selecting a point on the scale between the two adjectives. There are no right or wrong answers. .4,0.9415130835240085
mean_cultural_closeness,Please rate your impression of the robot you just interacted with by selecting a point on the scale between the two adjectives. There are no right or wrong answers. .5,0.9415130835240085
"Consider expectations toward Pepper robot and express how much do you agree with the properties attributed to it (scale: 0%-100%, scroll in to see all the options).  [Dependable]",I see myself as someone who  [... is reserved ],0.9271726499455303
I see myself as someone who  [... is reserved ],"Consider expectations toward Pepper robot and express how much do you agree with the properties attributed to it (scale: 0%-100%, scroll in to see all the options).  [Dependable]",0.9271726499455303
agreebleness,mean_cultural_closeness_subj,0.9258200997725516
mean_cultural_closeness_subj,agreebleness,0.9258200997725516
Which picture best describes the relationship between Pepper and your own preferences? ,"Consider expectations toward Pepper robot and express how much do you agree with the properties attributed to it (scale: 0%-100%, scroll in to see all the options).  [Provide appropriate information]",0.9205746178983231
"Consider expectations toward Pepper robot and express how much do you agree with the properties attributed to it (scale: 0%-100%, scroll in to see all the options).  [Provide appropriate information]",Which picture best describes the relationship between Pepper and your own preferences? ,0.9205746178983231
Which picture best describes the relationship between Pepper and your own preferences? ,openness,0.9113223768657671
openness,Which picture best describes the relationship between Pepper and your own preferences? ,0.9113223768657671
"Consider expectations toward Pepper robot and express how much do you agree with the properties attributed to it (scale: 0%-100%, scroll in to see all the options).  [Have errors]",neuroticism,0.9045340337332908
neuroticism,"Consider expectations toward Pepper robot and express how much do you agree with the properties attributed to it (scale: 0%-100%, scroll in to see all the options).  [Have errors]",0.9045340337332908
Which picture best describes the relationship between Pepper and your national culture? ,Please rate your impression of the robot you just interacted with by selecting a point on the scale between the two adjectives. There are no right or wrong answers. .4,0.903696114115064
Please rate your impression of the robot you just interacted with by selecting a point on the scale between the two adjectives. There are no right or wrong answers. .5,Which picture best describes the relationship between Pepper and your national culture? ,0.903696114115064
Which picture best describes the relationship between Pepper and your national culture? ,Please rate your impression of the robot you just interacted with by selecting a point on the scale between the two adjectives. There are no right or wrong answers. .5,0.903696114115064
Please rate your impression of the robot you just interacted with by selecting a point on the scale between the two adjectives. There are no right or wrong answers. .4,Which picture best describes the relationship between Pepper and your national culture? ,0.903696114115064
mean_trust_subj,"Consider expectations toward Pepper robot and express how much do you agree with the properties attributed to it (scale: 0%-100%, scroll in to see all the options).  [Have errors]",0.9027423900401941
"Consider expectations toward Pepper robot and express how much do you agree with the properties attributed to it (scale: 0%-100%, scroll in to see all the options).  [Have errors]",mean_trust_subj,0.9027423900401941
"Consider expectations toward Pepper robot and express how much do you agree with the properties attributed to it (scale: 0%-100%, scroll in to see all the options).  [Reliable]","Consider expectations toward Pepper robot and express how much do you agree with the properties attributed to it (scale: 0%-100%, scroll in to see all the options).  [Meet the needs of the mission]",0.8944271909999163
"Consider expectations toward Pepper robot and express how much do you agree with the properties attributed to it (scale: 0%-100%, scroll in to see all the options).  [Meet the needs of the mission]","Consider expectations toward Pepper robot and express how much do you agree with the properties attributed to it (scale: 0%-100%, scroll in to see all the options).  [Reliable]",0.8944271909999163
"Consider expectations toward Pepper robot and express how much do you agree with the properties attributed to it (scale: 0%-100%, scroll in to see all the options).  [Reliable]",I see myself as someone who  [... has active imagination],0.894427190999916
I see myself as someone who  [... has active imagination],"Consider expectations toward Pepper robot and express how much do you agree with the properties attributed to it (scale: 0%-100%, scroll in to see all the options).  [Reliable]",0.894427190999916
Please rate your impression of the robot you just interacted with by selecting a point on the scale between the two adjectives. There are no right or wrong answers. .3,I see myself as someone who  [... has active imagination],0.8944271909999159
I see myself as someone who  [... has active imagination],Please rate your impression of the robot you just interacted with by selecting a point on the scale between the two adjectives. There are no right or wrong answers. .3,0.8944271909999159
"Consider expectations toward Pepper robot and express how much do you agree with the properties attributed to it (scale: 0%-100%, scroll in to see all the options).  [Provide appropriate information]",Which picture best describes the relationship between Pepper and your national culture? ,0.8944271909999156
"Consider expectations toward Pepper robot and express how much do you agree with the properties attributed to it (scale: 0%-100%, scroll in to see all the options).  [Meet the needs of the mission]",Please rate your impression of the robot you just interacted with by selecting a point on the scale between the two adjectives. There are no right or wrong answers. .3,0.8944271909999156
Which picture best describes the relationship between Pepper and your national culture? ,"Consider expectations toward Pepper robot and express how much do you agree with the properties attributed to it (scale: 0%-100%, scroll in to see all the options).  [Provide appropriate information]",0.8944271909999156
Please rate your impression of the robot you just interacted with by selecting a point on the scale between the two adjectives. There are no right or wrong answers. .3,"Consider expectations toward Pepper robot and express how much do you agree with the properties attributed to it (scale: 0%-100%, scroll in to see all the options).  [Meet the needs of the mission]",0.8944271909999156
mean_trust_subj,I see myself as someone who  [... tends to be lazy],0.8925779711341445
I see myself as someone who  [... tends to be lazy],mean_trust_subj,0.8925779711341445
"Consider expectations toward Pepper robot and express how much do you agree with the properties attributed to it (scale: 0%-100%, scroll in to see all the options).  [Provide appropriate information]",mean_cultural_closeness,0.8894991799933214
mean_cultural_closeness,"Consider expectations toward Pepper robot and express how much do you agree with the properties attributed to it (scale: 0%-100%, scroll in to see all the options).  [Provide appropriate information]",0.8894991799933214
Please rate your impression of the robot you just interacted with by selecting a point on the scale between the two adjectives. There are no right or wrong answers. .1,"Consider expectations toward Pepper robot and express how much do you agree with the properties attributed to it (scale: 0%-100%, scroll in to see all the options).  [Communicate with people]",0.8882053623194088
"Consider expectations toward Pepper robot and express how much do you agree with the properties attributed to it (scale: 0%-100%, scroll in to see all the options).  [Communicate with people]",Please rate your impression of the robot you just interacted with by selecting a point on the scale between the two adjectives. There are no right or wrong answers. .1,0.8882053623194088
Please rate your impression of the robot you just interacted with by selecting a point on the scale between the two adjectives. There are no right or wrong answers. .3,"Consider expectations toward Pepper robot and express how much do you agree with the properties attributed to it (scale: 0%-100%, scroll in to see all the options).  [Communicate with people]",0.8865926413116159
"Consider expectations toward Pepper robot and express how much do you agree with the properties attributed to it (scale: 0%-100%, scroll in to see all the options).  [Communicate with people]",Please rate your impression of the robot you just interacted with by selecting a point on the scale between the two adjectives. There are no right or wrong answers. .3,0.8865926413116159
"Consider expectations toward Pepper robot and express how much do you agree with the properties attributed to it (scale: 0%-100%, scroll in to see all the options).  [Communicate with people]","Consider expectations toward Pepper robot and express how much do you agree with the properties attributed to it (scale: 0%-100%, scroll in to see all the options).  [Reliable]",0.8865926413116155
"Consider expectations toward Pepper robot and express how much do you agree with the properties attributed to it (scale: 0%-100%, scroll in to see all the options).  [Reliable]","Consider expectations toward Pepper robot and express how much do you agree with the properties attributed to it (scale: 0%-100%, scroll in to see all the options).  [Communicate with people]",0.8865926413116155
Please rate your impression of the robot you just interacted with by selecting a point on the scale between the two adjectives. There are no right or wrong answers. .3,mean_competence,0.8850696324315177
mean_competence,Please rate your impression of the robot you just interacted with by selecting a point on the scale between the two adjectives. There are no right or wrong answers. .3,0.8850696324315177
"Consider expectations toward Pepper robot and express how much do you agree with the properties attributed to it (scale: 0%-100%, scroll in to see all the options).  [Reliable]",mean_competence,0.8850696324315177
mean_competence,"Consider expectations toward Pepper robot and express how much do you agree with the properties attributed to it (scale: 0%-100%, scroll in to see all the options).  [Reliable]",0.8850696324315177
I see myself as someone who  [... is reserved ],mean_personality_subj,0.881361915025249
mean_personality_subj,I see myself as someone who  [... is reserved ],0.881361915025249
"Consider expectations toward Pepper robot and express how much do you agree with the properties attributed to it (scale: 0%-100%, scroll in to see all the options).  [Act consistenly]",coscientiousness,0.8783100656536802
coscientiousness,"Consider expectations toward Pepper robot and express how much do you agree with the properties attributed to it (scale: 0%-100%, scroll in to see all the options).  [Act consistenly]",0.8783100656536802
"Consider expectations toward Pepper robot and express how much do you agree with the properties attributed to it (scale: 0%-100%, scroll in to see all the options).  [Predictable]","Consider expectations toward Pepper robot and express how much do you agree with the properties attributed to it (scale: 0%-100%, scroll in to see all the options).  [Provide Feedback]",0.87831006565368
"Consider expectations toward Pepper robot and express how much do you agree with the properties attributed to it (scale: 0%-100%, scroll in to see all the options).  [Provide Feedback]","Consider expectations toward Pepper robot and express how much do you agree with the properties attributed to it (scale: 0%-100%, scroll in to see all the options).  [Predictable]",0.87831006565368
I see myself as someone who  [... does a thorough job],coscientiousness,0.8783100656536799
I see myself as someone who  [... tends to find fault with others],"Consider expectations toward Pepper robot and express how much do you agree with the properties attributed to it (scale: 0%-100%, scroll in to see all the options).  [Predictable]",0.8783100656536799
Please rate your impression of the robot you just interacted with by selecting a point on the scale between the two adjectives. There are no right or wrong answers. ,"Consider expectations toward Pepper robot and express how much do you agree with the properties attributed to it (scale: 0%-100%, scroll in to see all the options).  [Predictable]",0.8783100656536799
coscientiousness,I see myself as someone who  [... does a thorough job],0.8783100656536799
"Consider expectations toward Pepper robot and express how much do you agree with the properties attributed to it (scale: 0%-100%, scroll in to see all the options).  [Predictable]",Please rate your impression of the robot you just interacted with by selecting a point on the scale between the two adjectives. There are no right or wrong answers. ,0.8783100656536799
"Consider expectations toward Pepper robot and express how much do you agree with the properties attributed to it (scale: 0%-100%, scroll in to see all the options).  [Predictable]",I see myself as someone who  [... tends to find fault with others],0.8783100656536799
I see myself as someone who  [... tends to find fault with others],Please rate your impression of the robot you just interacted with by selecting a point on the scale between the two adjectives. There are no right or wrong answers. .2,0.8783100656536798
Please rate your impression of the robot you just interacted with by selecting a point on the scale between the two adjectives. There are no right or wrong answers. ,Please rate your impression of the robot you just interacted with by selecting a point on the scale between the two adjectives. There are no right or wrong answers. .2,0.8783100656536798
Please rate your impression of the robot you just interacted with by selecting a point on the scale between the two adjectives. There are no right or wrong answers. .2,I see myself as someone who  [... tends to find fault with others],0.8783100656536798
Please rate your impression of the robot you just interacted with by selecting a point on the scale between the two adjectives. There are no right or wrong answers. .2,Please rate your impression of the robot you just interacted with by selecting a point on the scale between the two adjectives. There are no right or wrong answers. ,0.8783100656536798
"Consider expectations toward Pepper robot and express how much do you agree with the properties attributed to it (scale: 0%-100%, scroll in to see all the options).  [Perform exactly as instructed]",Please rate your impression of the robot you just interacted with by selecting a point on the scale between the two adjectives. There are no right or wrong answers. .2,0.8783100656536795
Please rate your impression of the robot you just interacted with by selecting a point on the scale between the two adjectives. There are no right or wrong answers. .2,"Consider expectations toward Pepper robot and express how much do you agree with the properties attributed to it (scale: 0%-100%, scroll in to see all the options).  [Perform exactly as instructed]",0.8783100656536795
"Consider expectations toward Pepper robot and express how much do you agree with the properties attributed to it (scale: 0%-100%, scroll in to see all the options).  [Provide Feedback]",Please rate your impression of the robot you just interacted with by selecting a point on the scale between the two adjectives. There are no right or wrong answers. .2,0.8783100656536794
Please rate your impression of the robot you just interacted with by selecting a point on the scale between the two adjectives. There are no right or wrong answers. .2,"Consider expectations toward Pepper robot and express how much do you agree with the properties attributed to it (scale: 0%-100%, scroll in to see all the options).  [Provide Feedback]",0.8783100656536794
Please rate your impression of the robot you just interacted with by selecting a point on the scale between the two adjectives. There are no right or wrong answers. .4,"Consider expectations toward Pepper robot and express how much do you agree with the properties attributed to it (scale: 0%-100%, scroll in to see all the options).  [Communicate with people]",0.8716019289105666
"Consider expectations toward Pepper robot and express how much do you agree with the properties attributed to it (scale: 0%-100%, scroll in to see all the options).  [Communicate with people]",Please rate your impression of the robot you just interacted with by selecting a point on the scale between the two adjectives. There are no right or wrong answers. .5,0.8716019289105666
Please rate your impression of the robot you just interacted with by selecting a point on the scale between the two adjectives. There are no right or wrong answers. .5,"Consider expectations toward Pepper robot and express how much do you agree with the properties attributed to it (scale: 0%-100%, scroll in to see all the options).  [Communicate with people]",0.8716019289105666
"Consider expectations toward Pepper robot and express how much do you agree with the properties attributed to it (scale: 0%-100%, scroll in to see all the options).  [Communicate with people]",Please rate your impression of the robot you just interacted with by selecting a point on the scale between the two adjectives. There are no right or wrong answers. .4,0.8716019289105666
"Consider expectations toward Pepper robot and express how much do you agree with the properties attributed to it (scale: 0%-100%, scroll in to see all the options).  [Follow directions]",neuroticism,0.8703882797784894
neuroticism,"Consider expectations toward Pepper robot and express how much do you agree with the properties attributed to it (scale: 0%-100%, scroll in to see all the options).  [Follow directions]",0.8703882797784894
I see myself as someone who  [... tends to find fault with others],"Consider expectations toward Pepper robot and express how much do you agree with the properties attributed to it (scale: 0%-100%, scroll in to see all the options).  [Function successfully]",0.8703882797784893
"Consider expectations toward Pepper robot and express how much do you agree with the properties attributed to it (scale: 0%-100%, scroll in to see all the options).  [Function successfully]",I see myself as someone who  [... tends to find fault with others],0.8703882797784893
extraversion,mean_cultural_closeness_subj,0.8703882797784892
"Consider expectations toward Pepper robot and express how much do you agree with the properties attributed to it (scale: 0%-100%, scroll in to see all the options).  [Function successfully]","Consider expectations toward Pepper robot and express how much do you agree with the properties attributed to it (scale: 0%-100%, scroll in to see all the options).  [Provide Feedback]",0.8703882797784892
"Consider expectations toward Pepper robot and express how much do you agree with the properties attributed to it (scale: 0%-100%, scroll in to see all the options).  [Provide Feedback]","Consider expectations toward Pepper robot and express how much do you agree with the properties attributed to it (scale: 0%-100%, scroll in to see all the options).  [Function successfully]",0.8703882797784892
mean_cultural_closeness_subj,extraversion,0.8703882797784892
neuroticism,"Consider expectations toward Pepper robot and express how much do you agree with the properties attributed to it (scale: 0%-100%, scroll in to see all the options).  [Unresponsive]",0.8703882797784891
neuroticism,"Consider expectations toward Pepper robot and express how much do you agree with the properties attributed to it (scale: 0%-100%, scroll in to see all the options).  [Malfunction]",0.8703882797784891
"Consider expectations toward Pepper robot and express how much do you agree with the properties attributed to it (scale: 0%-100%, scroll in to see all the options).  [Malfunction]",neuroticism,0.8703882797784891
"Consider expectations toward Pepper robot and express how much do you agree with the properties attributed to it (scale: 0%-100%, scroll in to see all the options).  [Unresponsive]",neuroticism,0.8703882797784891
"Consider expectations toward Pepper robot and express how much do you agree with the properties attributed to it (scale: 0%-100%, scroll in to see all the options).  [Function successfully]",Please rate your impression of the robot you just interacted with by selecting a point on the scale between the two adjectives. There are no right or wrong answers. ,0.870388279778489
Please rate your impression of the robot you just interacted with by selecting a point on the scale between the two adjectives. There are no right or wrong answers. ,"Consider expectations toward Pepper robot and express how much do you agree with the properties attributed to it (scale: 0%-100%, scroll in to see all the options).  [Function successfully]",0.870388279778489
"Consider expectations toward Pepper robot and express how much do you agree with the properties attributed to it (scale: 0%-100%, scroll in to see all the options).  [Provide appropriate information]",Please rate your impression of the robot you just interacted with by selecting a point on the scale between the two adjectives. There are no right or wrong answers. .4,0.8660254037844385
"Consider expectations toward Pepper robot and express how much do you agree with the properties attributed to it (scale: 0%-100%, scroll in to see all the options).  [Provide appropriate information]",Please rate your impression of the robot you just interacted with by selecting a point on the scale between the two adjectives. There are no right or wrong answers. .5,0.8660254037844385
Please rate your impression of the robot you just interacted with by selecting a point on the scale between the two adjectives. There are no right or wrong answers. .5,"Consider expectations toward Pepper robot and express how much do you agree with the properties attributed to it (scale: 0%-100%, scroll in to see all the options).  [Provide appropriate information]",0.8660254037844385
Please rate your impression of the robot you just interacted with by selecting a point on the scale between the two adjectives. There are no right or wrong answers. .4,"Consider expectations toward Pepper robot and express how much do you agree with the properties attributed to it (scale: 0%-100%, scroll in to see all the options).  [Provide appropriate information]",0.8660254037844385
mean_personality_subj,"I see myself as someone who  [... is relaxed, handles stress well]",0.8605164648648882
"I see myself as someone who  [... is relaxed, handles stress well]",mean_personality_subj,0.8605164648648882
"Consider expectations toward Pepper robot and express how much do you agree with the properties attributed to it (scale: 0%-100%, scroll in to see all the options).  [Provide appropriate information]","Consider expectations toward Pepper robot and express how much do you agree with the properties attributed to it (scale: 0%-100%, scroll in to see all the options).  [Function successfully]",0.8528028654224418
"Consider expectations toward Pepper robot and express how much do you agree with the properties attributed to it (scale: 0%-100%, scroll in to see all the options).  [Function successfully]","Consider expectations toward Pepper robot and express how much do you agree with the properties attributed to it (scale: 0%-100%, scroll in to see all the options).  [Provide appropriate information]",0.8528028654224418
"I see myself as someone who  [... is ongoing, sociable]",extraversion,0.8528028654224417
"I see myself as someone who  [... is relaxed, handles stress well]","I see myself as someone who  [... is ongoing, sociable]",0.8528028654224417
neuroticism,"Consider expectations toward Pepper robot and express how much do you agree with the properties attributed to it (scale: 0%-100%, scroll in to see all the options).  [Provide appropriate information]",0.8528028654224417
"I see myself as someone who  [... is ongoing, sociable]","I see myself as someone who  [... is relaxed, handles stress well]",0.8528028654224417
extraversion,"I see myself as someone who  [... is ongoing, sociable]",0.8528028654224417
"Consider expectations toward Pepper robot and express how much do you agree with the properties attributed to it (scale: 0%-100%, scroll in to see all the options).  [Provide appropriate information]",neuroticism,0.8528028654224417
mean_competence,"Consider expectations toward Pepper robot and express how much do you agree with the properties attributed to it (scale: 0%-100%, scroll in to see all the options).  [Predictable]",0.8468258319937884
"Consider expectations toward Pepper robot and express how much do you agree with the properties attributed to it (scale: 0%-100%, scroll in to see all the options).  [Predictable]",mean_competence,0.8468258319937884
I see myself as someone who  [... has active imagination],Please rate your impression of the robot you just interacted with by selecting a point on the scale between the two adjectives. There are no right or wrong answers. .2,0.8451542547285165
openness,"Consider expectations toward Pepper robot and express how much do you agree with the properties attributed to it (scale: 0%-100%, scroll in to see all the options).  [Predictable]",0.8451542547285165
"Consider expectations toward Pepper robot and express how much do you agree with the properties attributed to it (scale: 0%-100%, scroll in to see all the options).  [Predictable]",openness,0.8451542547285165
Please rate your impression of the robot you just interacted with by selecting a point on the scale between the two adjectives. There are no right or wrong answers. .2,"Consider expectations toward Pepper robot and express how much do you agree with the properties attributed to it (scale: 0%-100%, scroll in to see all the options).  [Meet the needs of the mission]",0.8451542547285165
Please rate your impression of the robot you just interacted with by selecting a point on the scale between the two adjectives. There are no right or wrong answers. .2,I see myself as someone who  [... has active imagination],0.8451542547285165
"Consider expectations toward Pepper robot and express how much do you agree with the properties attributed to it (scale: 0%-100%, scroll in to see all the options).  [Meet the needs of the mission]",Please rate your impression of the robot you just interacted with by selecting a point on the scale between the two adjectives. There are no right or wrong answers. .2,0.8451542547285165
"Consider expectations toward Pepper robot and express how much do you agree with the properties attributed to it (scale: 0%-100%, scroll in to see all the options).  [Dependable]",mean_personality_subj,0.837477138397389
mean_personality_subj,"Consider expectations toward Pepper robot and express how much do you agree with the properties attributed to it (scale: 0%-100%, scroll in to see all the options).  [Dependable]",0.837477138397389
agreebleness,Which picture best describes your relationship with Italian or German Culture?,0.8366600265340756
Which picture best describes your relationship with Italian or German Culture?,agreebleness,0.8366600265340756
I see myself as someone who  [... has active imagination],Please rate your impression of the robot you just interacted with by selecting a point on the scale between the two adjectives. There are no right or wrong answers. .1,0.8320502943378438
"Consider expectations toward Pepper robot and express how much do you agree with the properties attributed to it (scale: 0%-100%, scroll in to see all the options).  [Meet the needs of the mission]",Please rate your impression of the robot you just interacted with by selecting a point on the scale between the two adjectives. There are no right or wrong answers. .1,0.8320502943378438
Please rate your impression of the robot you just interacted with by selecting a point on the scale between the two adjectives. There are no right or wrong answers. .1,"Consider expectations toward Pepper robot and express how much do you agree with the properties attributed to it (scale: 0%-100%, scroll in to see all the options).  [Meet the needs of the mission]",0.8320502943378438
Please rate your impression of the robot you just interacted with by selecting a point on the scale between the two adjectives. There are no right or wrong answers. .1,I see myself as someone who  [... has active imagination],0.8320502943378438
Please rate your impression of the robot you just interacted with by selecting a point on the scale between the two adjectives. There are no right or wrong answers. .2,Please rate your impression of the robot you just interacted with by selecting a point on the scale between the two adjectives. There are no right or wrong answers. .5,0.8280786712108251
Please rate your impression of the robot you just interacted with by selecting a point on the scale between the two adjectives. There are no right or wrong answers. .4,Please rate your impression of the robot you just interacted with by selecting a point on the scale between the two adjectives. There are no right or wrong answers. .2,0.8280786712108251
Please rate your impression of the robot you just interacted with by selecting a point on the scale between the two adjectives. There are no right or wrong answers. .2,Please rate your impression of the robot you just interacted with by selecting a point on the scale between the two adjectives. There are no right or wrong answers. .4,0.8280786712108251
Please rate your impression of the robot you just interacted with by selecting a point on the scale between the two adjectives. There are no right or wrong answers. .5,Please rate your impression of the robot you just interacted with by selecting a point on the scale between the two adjectives. There are no right or wrong answers. .2,0.8280786712108251
I see myself as someone who  [... tends to find fault with others],Which picture best describes the relationship between Pepper and your own preferences? ,0.8268106308031118
Which picture best describes the relationship between Pepper and your own preferences? ,I see myself as someone who  [... tends to find fault with others],0.8268106308031118
Which picture best describes the relationship between Pepper and your own preferences? ,Please rate your impression of the robot you just interacted with by selecting a point on the scale between the two adjectives. There are no right or wrong answers. ,0.8268106308031117
"Consider expectations toward Pepper robot and express how much do you agree with the properties attributed to it (scale: 0%-100%, scroll in to see all the options).  [Provide Feedback]",Which picture best describes the relationship between Pepper and your own preferences? ,0.8268106308031117
Which picture best describes the relationship between Pepper and your own preferences? ,"Consider expectations toward Pepper robot and express how much do you agree with the properties attributed to it (scale: 0%-100%, scroll in to see all the options).  [Provide Feedback]",0.8268106308031117
Please rate your impression of the robot you just interacted with by selecting a point on the scale between the two adjectives. There are no right or wrong answers. ,Which picture best describes the relationship between Pepper and your own preferences? ,0.8268106308031117
mean_trust_subj,"Consider expectations toward Pepper robot and express how much do you agree with the properties attributed to it (scale: 0%-100%, scroll in to see all the options).  [Provide appropriate information]",0.8247837335185434
"Consider expectations toward Pepper robot and express how much do you agree with the properties attributed to it (scale: 0%-100%, scroll in to see all the options).  [Provide appropriate information]",mean_trust_subj,0.8247837335185434
Which picture best describes the relationship between Pepper and your country? ,mean_competence,0.8205099681801448
mean_competence,Which picture best describes the relationship between Pepper and your country? ,0.8205099681801448
Which picture best describes the relationship between Pepper and your own preferences? ,mean_competence,0.820075019192949
mean_competence,Which picture best describes the relationship between Pepper and your own preferences? ,0.820075019192949
"Consider expectations toward Pepper robot and express how much do you agree with the properties attributed to it (scale: 0%-100%, scroll in to see all the options).  [Function successfully]",neuroticism,0.8181818181818182
neuroticism,"Consider expectations toward Pepper robot and express how much do you agree with the properties attributed to it (scale: 0%-100%, scroll in to see all the options).  [Function successfully]",0.8181818181818182
"Consider expectations toward Pepper robot and express how much do you agree with the properties attributed to it (scale: 0%-100%, scroll in to see all the options).  [Provide appropriate information]","Consider expectations toward Pepper robot and express how much do you agree with the properties attributed to it (scale: 0%-100%, scroll in to see all the options).  [Provide Feedback]",0.8164965809277263
"Consider expectations toward Pepper robot and express how much do you agree with the properties attributed to it (scale: 0%-100%, scroll in to see all the options).  [Provide appropriate information]",I see myself as someone who  [... tends to find fault with others],0.8164965809277263
"Consider expectations toward Pepper robot and express how much do you agree with the properties attributed to it (scale: 0%-100%, scroll in to see all the options).  [Provide Feedback]","Consider expectations toward Pepper robot and express how much do you agree with the properties attributed to it (scale: 0%-100%, scroll in to see all the options).  [Provide appropriate information]",0.8164965809277263
I see myself as someone who  [... tends to find fault with others],"Consider expectations toward Pepper robot and express how much do you agree with the properties attributed to it (scale: 0%-100%, scroll in to see all the options).  [Provide appropriate information]",0.8164965809277263
"Consider expectations toward Pepper robot and express how much do you agree with the properties attributed to it (scale: 0%-100%, scroll in to see all the options).  [Follow directions]","Consider expectations toward Pepper robot and express how much do you agree with the properties attributed to it (scale: 0%-100%, scroll in to see all the options).  [Provide appropriate information]",0.8164965809277261
Please rate your impression of the robot you just interacted with by selecting a point on the scale between the two adjectives. There are no right or wrong answers. .5,openness,0.8164965809277261
Please rate your impression of the robot you just interacted with by selecting a point on the scale between the two adjectives. There are no right or wrong answers. .4,openness,0.8164965809277261
"Consider expectations toward Pepper robot and express how much do you agree with the properties attributed to it (scale: 0%-100%, scroll in to see all the options).  [Provide appropriate information]","Consider expectations toward Pepper robot and express how much do you agree with the properties attributed to it (scale: 0%-100%, scroll in to see all the options).  [Follow directions]",0.8164965809277261
openness,Please rate your impression of the robot you just interacted with by selecting a point on the scale between the two adjectives. There are no right or wrong answers. .5,0.8164965809277261
openness,Please rate your impression of the robot you just interacted with by selecting a point on the scale between the two adjectives. There are no right or wrong answers. .4,0.8164965809277261
Please rate your impression of the robot you just interacted with by selecting a point on the scale between the two adjectives. There are no right or wrong answers. ,"Consider expectations toward Pepper robot and express how much do you agree with the properties attributed to it (scale: 0%-100%, scroll in to see all the options).  [Provide appropriate information]",0.816496580927726
"Consider expectations toward Pepper robot and express how much do you agree with the properties attributed to it (scale: 0%-100%, scroll in to see all the options).  [Provide appropriate information]",Please rate your impression of the robot you just interacted with by selecting a point on the scale between the two adjectives. There are no right or wrong answers. ,0.816496580927726
I see myself as someone who  [... is reserved ],I see myself as someone who  [... get nervous easily],0.8164965809277259
"Consider expectations toward Pepper robot and express how much do you agree with the properties attributed to it (scale: 0%-100%, scroll in to see all the options).  [Provide appropriate information]","Consider expectations toward Pepper robot and express how much do you agree with the properties attributed to it (scale: 0%-100%, scroll in to see all the options).  [Malfunction]",0.8164965809277259
I see myself as someone who  [... get nervous easily],I see myself as someone who  [... is reserved ],0.8164965809277259
"Consider expectations toward Pepper robot and express how much do you agree with the properties attributed to it (scale: 0%-100%, scroll in to see all the options).  [Malfunction]","Consider expectations toward Pepper robot and express how much do you agree with the properties attributed to it (scale: 0%-100%, scroll in to see all the options).  [Provide appropriate information]",0.8164965809277259
"I see myself as someone who  [... is ongoing, sociable]",mean_cultural_closeness_subj,0.8164965809277259
mean_cultural_closeness_subj,"I see myself as someone who  [... is ongoing, sociable]",0.8164965809277259
"Consider expectations toward Pepper robot and express how much do you agree with the properties attributed to it (scale: 0%-100%, scroll in to see all the options).  [Provide appropriate information]","Consider expectations toward Pepper robot and express how much do you agree with the properties attributed to it (scale: 0%-100%, scroll in to see all the options).  [Unresponsive]",0.8164965809277258
"Consider expectations toward Pepper robot and express how much do you agree with the properties attributed to it (scale: 0%-100%, scroll in to see all the options).  [Provide appropriate information]",Which picture best describes the relationship between Pepper and your country? ,0.8164965809277258
"Consider expectations toward Pepper robot and express how much do you agree with the properties attributed to it (scale: 0%-100%, scroll in to see all the options).  [Unresponsive]","Consider expectations toward Pepper robot and express how much do you agree with the properties attributed to it (scale: 0%-100%, scroll in to see all the options).  [Provide appropriate information]",0.8164965809277258
Which picture best describes the relationship between Pepper and your country? ,"Consider expectations toward Pepper robot and express how much do you agree with the properties attributed to it (scale: 0%-100%, scroll in to see all the options).  [Provide appropriate information]",0.8164965809277258
"Consider expectations toward Pepper robot and express how much do you agree with the properties attributed to it (scale: 0%-100%, scroll in to see all the options).  [Have errors]","Consider expectations toward Pepper robot and express how much do you agree with the properties attributed to it (scale: 0%-100%, scroll in to see all the options).  [Follow directions]",0.8082903768654764
"Consider expectations toward Pepper robot and express how much do you agree with the properties attributed to it (scale: 0%-100%, scroll in to see all the options).  [Follow directions]","Consider expectations toward Pepper robot and express how much do you agree with the properties attributed to it (scale: 0%-100%, scroll in to see all the options).  [Have errors]",0.8082903768654764
"Consider expectations toward Pepper robot and express how much do you agree with the properties attributed to it (scale: 0%-100%, scroll in to see all the options).  [Have errors]","Consider expectations toward Pepper robot and express how much do you agree with the properties attributed to it (scale: 0%-100%, scroll in to see all the options).  [Unresponsive]",0.8082903768654761
"Consider expectations toward Pepper robot and express how much do you agree with the properties attributed to it (scale: 0%-100%, scroll in to see all the options).  [Unresponsive]","Consider expectations toward Pepper robot and express how much do you agree with the properties attributed to it (scale: 0%-100%, scroll in to see all the options).  [Have errors]",0.8082903768654761
"Consider expectations toward Pepper robot and express how much do you agree with the properties attributed to it (scale: 0%-100%, scroll in to see all the options).  [Have errors]","Consider expectations toward Pepper robot and express how much do you agree with the properties attributed to it (scale: 0%-100%, scroll in to see all the options).  [Malfunction]",0.8082903768654761
"Consider expectations toward Pepper robot and express how much do you agree with the properties attributed to it (scale: 0%-100%, scroll in to see all the options).  [Malfunction]","Consider expectations toward Pepper robot and express how much do you agree with the properties attributed to it (scale: 0%-100%, scroll in to see all the options).  [Have errors]",0.8082903768654761
extraversion,agreebleness,0.8058229640253802
agreebleness,extraversion,0.8058229640253802
agreebleness,"I see myself as someone who  [... is relaxed, handles stress well]",0.8058229640253802
"I see myself as someone who  [... is relaxed, handles stress well]",agreebleness,0.8058229640253802
I see myself as someone who  [... tends to find fault with others],Please rate your impression of the robot you just interacted with by selecting a point on the scale between the two adjectives. There are no right or wrong answers. .1,0.8006407690254358
Please rate your impression of the robot you just interacted with by selecting a point on the scale between the two adjectives. There are no right or wrong answers. .1,I see myself as someone who  [... tends to find fault with others],0.8006407690254358
Please rate your impression of the robot you just interacted with by selecting a point on the scale between the two adjectives. There are no right or wrong answers. .1,I see myself as someone who  [... is reserved ],0.8006407690254357
I see myself as someone who  [... is reserved ],Please rate your impression of the robot you just interacted with by selecting a point on the scale between the two adjectives. There are no right or wrong answers. .1,0.8006407690254357
Please rate your impression of the robot you just interacted with by selecting a point on the scale between the two adjectives. There are no right or wrong answers. .1,Please rate your impression of the robot you just interacted with by selecting a point on the scale between the two adjectives. There are no right or wrong answers. ,0.8006407690254356
Please rate your impression of the robot you just interacted with by selecting a point on the scale between the two adjectives. There are no right or wrong answers. ,Please rate your impression of the robot you just interacted with by selecting a point on the scale between the two adjectives. There are no right or wrong answers. .1,0.8006407690254356
"Consider expectations toward Pepper robot and express how much do you agree with the properties attributed to it (scale: 0%-100%, scroll in to see all the options).  [Provide Feedback]",Please rate your impression of the robot you just interacted with by selecting a point on the scale between the two adjectives. There are no right or wrong answers. .1,0.8006407690254355
Please rate your impression of the robot you just interacted with by selecting a point on the scale between the two adjectives. There are no right or wrong answers. .1,"Consider expectations toward Pepper robot and express how much do you agree with the properties attributed to it (scale: 0%-100%, scroll in to see all the options).  [Provide Feedback]",0.8006407690254355
mean_cultural_closeness_subj,Please rate your impression of the robot you just interacted with by selecting a point on the scale between the two adjectives. There are no right or wrong answers. .1,-0.8006407690254359
Please rate your impression of the robot you just interacted with by selecting a point on the scale between the two adjectives. There are no right or wrong answers. .1,mean_cultural_closeness_subj,-0.8006407690254359
agreebleness,openness,-0.8017837257372732
openness,agreebleness,-0.8017837257372732
"Consider expectations toward Pepper robot and express how much do you agree with the properties attributed to it (scale: 0%-100%, scroll in to see all the options).  [Function successfully]",agreebleness,-0.80582296402538
agreebleness,"Consider expectations toward Pepper robot and express how much do you agree with the properties attributed to it (scale: 0%-100%, scroll in to see all the options).  [Function successfully]",-0.80582296402538
"Consider expectations toward Pepper robot and express how much do you agree with the properties attributed to it (scale: 0%-100%, scroll in to see all the options).  [Have errors]",I see myself as someone who  [... does a thorough job],-0.8082903768654759
I see myself as someone who  [... does a thorough job],"Consider expectations toward Pepper robot and express how much do you agree with the properties attributed to it (scale: 0%-100%, scroll in to see all the options).  [Have errors]",-0.8082903768654759
"Consider expectations toward Pepper robot and express how much do you agree with the properties attributed to it (scale: 0%-100%, scroll in to see all the options).  [Act consistenly]","Consider expectations toward Pepper robot and express how much do you agree with the properties attributed to it (scale: 0%-100%, scroll in to see all the options).  [Have errors]",-0.8082903768654764
"Consider expectations toward Pepper robot and express how much do you agree with the properties attributed to it (scale: 0%-100%, scroll in to see all the options).  [Have errors]","Consider expectations toward Pepper robot and express how much do you agree with the properties attributed to it (scale: 0%-100%, scroll in to see all the options).  [Act consistenly]",-0.8082903768654764
mean_trust_subj,coscientiousness,-0.814927264475087
coscientiousness,mean_trust_subj,-0.814927264475087
agreebleness,"Consider expectations toward Pepper robot and express how much do you agree with the properties attributed to it (scale: 0%-100%, scroll in to see all the options).  [Communicate with people]",-0.8151391459392223
"Consider expectations toward Pepper robot and express how much do you agree with the properties attributed to it (scale: 0%-100%, scroll in to see all the options).  [Communicate with people]",agreebleness,-0.8151391459392223
mean_cultural_closeness_subj,"Consider expectations toward Pepper robot and express how much do you agree with the properties attributed to it (scale: 0%-100%, scroll in to see all the options).  [Provide appropriate information]",-0.8164965809277259
Please rate your impression of the robot you just interacted with by selecting a point on the scale between the two adjectives. There are no right or wrong answers. ,"I see myself as someone who  [... is ongoing, sociable]",-0.8164965809277259
"Consider expectations toward Pepper robot and express how much do you agree with the properties attributed to it (scale: 0%-100%, scroll in to see all the options).  [Follow directions]","I see myself as someone who  [... is ongoing, sociable]",-0.8164965809277259
"I see myself as someone who  [... is ongoing, sociable]","Consider expectations toward Pepper robot and express how much do you agree with the properties attributed to it (scale: 0%-100%, scroll in to see all the options).  [Follow directions]",-0.8164965809277259
"Consider expectations toward Pepper robot and express how much do you agree with the properties attributed to it (scale: 0%-100%, scroll in to see all the options).  [Provide appropriate information]",mean_cultural_closeness_subj,-0.8164965809277259
"I see myself as someone who  [... is ongoing, sociable]",Please rate your impression of the robot you just interacted with by selecting a point on the scale between the two adjectives. There are no right or wrong answers. ,-0.8164965809277259
Which picture best describes the relationship between Pepper and your country? ,"I see myself as someone who  [... is ongoing, sociable]",-0.816496580927726
"I see myself as someone who  [... is ongoing, sociable]",Which picture best describes the relationship between Pepper and your country? ,-0.816496580927726
"Consider expectations toward Pepper robot and express how much do you agree with the properties attributed to it (scale: 0%-100%, scroll in to see all the options).  [Act consistenly]",I see myself as someone who  [... get nervous easily],-0.8164965809277261
"I see myself as someone who  [... is ongoing, sociable]","Consider expectations toward Pepper robot and express how much do you agree with the properties attributed to it (scale: 0%-100%, scroll in to see all the options).  [Unresponsive]",-0.8164965809277261
"I see myself as someone who  [... is ongoing, sociable]",I see myself as someone who  [... tends to find fault with others],-0.8164965809277261
"Consider expectations toward Pepper robot and express how much do you agree with the properties attributed to it (scale: 0%-100%, scroll in to see all the options).  [Malfunction]","I see myself as someone who  [... is ongoing, sociable]",-0.8164965809277261
"Consider expectations toward Pepper robot and express how much do you agree with the properties attributed to it (scale: 0%-100%, scroll in to see all the options).  [Unresponsive]","I see myself as someone who  [... is ongoing, sociable]",-0.8164965809277261
"I see myself as someone who  [... is ongoing, sociable]","Consider expectations toward Pepper robot and express how much do you agree with the properties attributed to it (scale: 0%-100%, scroll in to see all the options).  [Malfunction]",-0.8164965809277261
I see myself as someone who  [... does a thorough job],I see myself as someone who  [... get nervous easily],-0.8164965809277261
I see myself as someone who  [... get nervous easily],"Consider expectations toward Pepper robot and express how much do you agree with the properties attributed to it (scale: 0%-100%, scroll in to see all the options).  [Act consistenly]",-0.8164965809277261
I see myself as someone who  [... tends to find fault with others],"I see myself as someone who  [... is ongoing, sociable]",-0.8164965809277261
I see myself as someone who  [... get nervous easily],I see myself as someone who  [... does a thorough job],-0.8164965809277261
"Consider expectations toward Pepper robot and express how much do you agree with the properties attributed to it (scale: 0%-100%, scroll in to see all the options).  [Provide Feedback]","I see myself as someone who  [... is ongoing, sociable]",-0.8164965809277263
"I see myself as someone who  [... is ongoing, sociable]","Consider expectations toward Pepper robot and express how much do you agree with the properties attributed to it (scale: 0%-100%, scroll in to see all the options).  [Provide Feedback]",-0.8164965809277263
extraversion,neuroticism,-0.8181818181818182
neuroticism,extraversion,-0.8181818181818182
"I see myself as someone who  [... is ongoing, sociable]",mean_trust_subj,-0.8247837335185435
mean_trust_subj,"I see myself as someone who  [... is ongoing, sociable]",-0.8247837335185435
mean_cultural_closeness_subj,Which picture best describes the relationship between Pepper and your own preferences? ,-0.8268106308031118
Which picture best describes the relationship between Pepper and your own preferences? ,mean_cultural_closeness_subj,-0.8268106308031118
Which picture best describes your relationship with Italian or German Culture?,"Consider expectations toward Pepper robot and express how much do you agree with the properties attributed to it (scale: 0%-100%, scroll in to see all the options).  [Predictable]",-0.8315218406202995
"Consider expectations toward Pepper robot and express how much do you agree with the properties attributed to it (scale: 0%-100%, scroll in to see all the options).  [Predictable]",Which picture best describes your relationship with Italian or German Culture?,-0.8315218406202995
I see myself as someone who  [... has few artistic interests],Which picture best describes the relationship between Pepper and your national culture? ,-0.848528137423857
Which picture best describes the relationship between Pepper and your national culture? ,I see myself as someone who  [... has few artistic interests],-0.848528137423857
mean_trust_subj,Which picture best describes your relationship with Italian or German Culture?,-0.8512093165461572
Which picture best describes your relationship with Italian or German Culture?,mean_trust_subj,-0.8512093165461572
"Consider expectations toward Pepper robot and express how much do you agree with the properties attributed to it (scale: 0%-100%, scroll in to see all the options).  [Provide appropriate information]",extraversion,-0.8528028654224417
"Consider expectations toward Pepper robot and express how much do you agree with the properties attributed to it (scale: 0%-100%, scroll in to see all the options).  [Provide appropriate information]","I see myself as someone who  [... is relaxed, handles stress well]",-0.8528028654224417
"I see myself as someone who  [... is relaxed, handles stress well]","Consider expectations toward Pepper robot and express how much do you agree with the properties attributed to it (scale: 0%-100%, scroll in to see all the options).  [Provide appropriate information]",-0.8528028654224417
extraversion,"Consider expectations toward Pepper robot and express how much do you agree with the properties attributed to it (scale: 0%-100%, scroll in to see all the options).  [Provide appropriate information]",-0.8528028654224417
"I see myself as someone who  [... is ongoing, sociable]","Consider expectations toward Pepper robot and express how much do you agree with the properties attributed to it (scale: 0%-100%, scroll in to see all the options).  [Function successfully]",-0.8528028654224418
"Consider expectations toward Pepper robot and express how much do you agree with the properties attributed to it (scale: 0%-100%, scroll in to see all the options).  [Function successfully]","I see myself as someone who  [... is ongoing, sociable]",-0.8528028654224418
"I see myself as someone who  [... is ongoing, sociable]",neuroticism,-0.8528028654224419
neuroticism,"I see myself as someone who  [... is ongoing, sociable]",-0.8528028654224419
mean_personality_subj,openness,-0.8628403050799636
openness,mean_personality_subj,-0.8628403050799636
"I see myself as someone who  [... is ongoing, sociable]",Please rate your impression of the robot you just interacted with by selecting a point on the scale between the two adjectives. There are no right or wrong answers. .4,-0.8660254037844387
Please rate your impression of the robot you just interacted with by selecting a point on the scale between the two adjectives. There are no right or wrong answers. .5,"I see myself as someone who  [... is ongoing, sociable]",-0.8660254037844387
"I see myself as someone who  [... is ongoing, sociable]",Please rate your impression of the robot you just interacted with by selecting a point on the scale between the two adjectives. There are no right or wrong answers. .5,-0.8660254037844387
Please rate your impression of the robot you just interacted with by selecting a point on the scale between the two adjectives. There are no right or wrong answers. .4,"I see myself as someone who  [... is ongoing, sociable]",-0.8660254037844387
"I see myself as someone who  [... is relaxed, handles stress well]","Consider expectations toward Pepper robot and express how much do you agree with the properties attributed to it (scale: 0%-100%, scroll in to see all the options).  [Predictable]",-0.8664002254439632
"Consider expectations toward Pepper robot and express how much do you agree with the properties attributed to it (scale: 0%-100%, scroll in to see all the options).  [Predictable]","I see myself as someone who  [... is relaxed, handles stress well]",-0.8664002254439632
coscientiousness,neuroticism,-0.8664002254439634
neuroticism,coscientiousness,-0.8664002254439634
"Consider expectations toward Pepper robot and express how much do you agree with the properties attributed to it (scale: 0%-100%, scroll in to see all the options).  [Function successfully]",mean_cultural_closeness_subj,-0.8703882797784885
mean_cultural_closeness_subj,"Consider expectations toward Pepper robot and express how much do you agree with the properties attributed to it (scale: 0%-100%, scroll in to see all the options).  [Function successfully]",-0.8703882797784885
"Consider expectations toward Pepper robot and express how much do you agree with the properties attributed to it (scale: 0%-100%, scroll in to see all the options).  [Follow directions]","I see myself as someone who  [... is relaxed, handles stress well]",-0.870388279778489
"I see myself as someone who  [... is relaxed, handles stress well]","Consider expectations toward Pepper robot and express how much do you agree with the properties attributed to it (scale: 0%-100%, scroll in to see all the options).  [Follow directions]",-0.870388279778489
"I see myself as someone who  [... is relaxed, handles stress well]","Consider expectations toward Pepper robot and express how much do you agree with the properties attributed to it (scale: 0%-100%, scroll in to see all the options).  [Unresponsive]",-0.8703882797784891
"Consider expectations toward Pepper robot and express how much do you agree with the properties attributed to it (scale: 0%-100%, scroll in to see all the options).  [Unresponsive]","I see myself as someone who  [... is relaxed, handles stress well]",-0.8703882797784891
"Consider expectations toward Pepper robot and express how much do you agree with the properties attributed to it (scale: 0%-100%, scroll in to see all the options).  [Malfunction]","I see myself as someone who  [... is relaxed, handles stress well]",-0.8703882797784891
"I see myself as someone who  [... is relaxed, handles stress well]","Consider expectations toward Pepper robot and express how much do you agree with the properties attributed to it (scale: 0%-100%, scroll in to see all the options).  [Malfunction]",-0.8703882797784891
extraversion,Please rate your impression of the robot you just interacted with by selecting a point on the scale between the two adjectives. There are no right or wrong answers. ,-0.8703882797784892
I see myself as someone who  [... tends to find fault with others],extraversion,-0.8703882797784892
"I see myself as someone who  [... is relaxed, handles stress well]",Which picture best describes the relationship between Pepper and your country? ,-0.8703882797784892
Please rate your impression of the robot you just interacted with by selecting a point on the scale between the two adjectives. There are no right or wrong answers. ,extraversion,-0.8703882797784892
Which picture best describes the relationship between Pepper and your country? ,"I see myself as someone who  [... is relaxed, handles stress well]",-0.8703882797784892
extraversion,I see myself as someone who  [... tends to find fault with others],-0.8703882797784892
"Consider expectations toward Pepper robot and express how much do you agree with the properties attributed to it (scale: 0%-100%, scroll in to see all the options).  [Provide Feedback]",extraversion,-0.8703882797784893
extraversion,"Consider expectations toward Pepper robot and express how much do you agree with the properties attributed to it (scale: 0%-100%, scroll in to see all the options).  [Provide Feedback]",-0.8703882797784893
mean_cultural_closeness_subj,"Consider expectations toward Pepper robot and express how much do you agree with the properties attributed to it (scale: 0%-100%, scroll in to see all the options).  [Predictable]",-0.8783100656536798
"Consider expectations toward Pepper robot and express how much do you agree with the properties attributed to it (scale: 0%-100%, scroll in to see all the options).  [Predictable]",mean_cultural_closeness_subj,-0.8783100656536798
Please rate your impression of the robot you just interacted with by selecting a point on the scale between the two adjectives. There are no right or wrong answers. .2,mean_cultural_closeness_subj,-0.8783100656536802
mean_cultural_closeness_subj,Please rate your impression of the robot you just interacted with by selecting a point on the scale between the two adjectives. There are no right or wrong answers. .2,-0.8783100656536802
Which picture best describes your relationship with Italy or Germany?,mean_competence,-0.8850696324315177
mean_competence,Which picture best describes your relationship with Italy or Germany?,-0.8850696324315177
"Consider expectations toward Pepper robot and express how much do you agree with the properties attributed to it (scale: 0%-100%, scroll in to see all the options).  [Communicate with people]",Which picture best describes your relationship with Italy or Germany?,-0.8865926413116155
Which picture best describes your relationship with Italy or Germany?,"Consider expectations toward Pepper robot and express how much do you agree with the properties attributed to it (scale: 0%-100%, scroll in to see all the options).  [Communicate with people]",-0.8865926413116155
mean_cultural_closeness,"I see myself as someone who  [... is ongoing, sociable]",-0.8894991799933217
"I see myself as someone who  [... is ongoing, sociable]",mean_cultural_closeness,-0.8894991799933217
openness,I see myself as someone who  [... is generally trusting],-0.8944271909999159
openness,I see myself as someone who  [... has few artistic interests],-0.8944271909999159
Which picture best describes your relationship with Italy or Germany?,I see myself as someone who  [... has active imagination],-0.8944271909999159
I see myself as someone who  [... is generally trusting],openness,-0.8944271909999159
I see myself as someone who  [... has few artistic interests],openness,-0.8944271909999159
Which picture best describes the relationship between Pepper and your national culture? ,"I see myself as someone who  [... is ongoing, sociable]",-0.8944271909999159
I see myself as someone who  [... has active imagination],Which picture best describes your relationship with Italy or Germany?,-0.8944271909999159
"I see myself as someone who  [... is ongoing, sociable]",Which picture best describes the relationship between Pepper and your national culture? ,-0.8944271909999159
Which picture best describes your relationship with Italy or Germany?,"Consider expectations toward Pepper robot and express how much do you agree with the properties attributed to it (scale: 0%-100%, scroll in to see all the options).  [Meet the needs of the mission]",-0.8944271909999163
"Consider expectations toward Pepper robot and express how much do you agree with the properties attributed to it (scale: 0%-100%, scroll in to see all the options).  [Meet the needs of the mission]",Which picture best describes your relationship with Italy or Germany?,-0.8944271909999163
agreebleness,mean_competence,-0.8946477759909339
mean_competence,agreebleness,-0.8946477759909339
"I see myself as someone who  [... is relaxed, handles stress well]",Which picture best describes the relationship between Pepper and your own preferences? ,-0.9028289727756885
Which picture best describes the relationship between Pepper and your own preferences? ,"I see myself as someone who  [... is relaxed, handles stress well]",-0.9028289727756885
openness,"I see myself as someone who  [... is relaxed, handles stress well]",-0.9045340337332909
"I see myself as someone who  [... is relaxed, handles stress well]",openness,-0.9045340337332909
Please rate your impression of the robot you just interacted with by selecting a point on the scale between the two adjectives. There are no right or wrong answers. .5,I see myself as someone who  [... is generally trusting],-0.9128709291752769
I see myself as someone who  [... is generally trusting],Please rate your impression of the robot you just interacted with by selecting a point on the scale between the two adjectives. There are no right or wrong answers. .4,-0.9128709291752769
I see myself as someone who  [... is generally trusting],Please rate your impression of the robot you just interacted with by selecting a point on the scale between the two adjectives. There are no right or wrong answers. .5,-0.9128709291752769
Please rate your impression of the robot you just interacted with by selecting a point on the scale between the two adjectives. There are no right or wrong answers. .4,I see myself as someone who  [... is generally trusting],-0.9128709291752769
mean_cultural_closeness,"I see myself as someone who  [... is relaxed, handles stress well]",-0.9166023347994702
"I see myself as someone who  [... is relaxed, handles stress well]",mean_cultural_closeness,-0.9166023347994702
"I see myself as someone who  [... is ongoing, sociable]",Which picture best describes the relationship between Pepper and your own preferences? ,-0.9205746178983234
Which picture best describes the relationship between Pepper and your own preferences? ,"I see myself as someone who  [... is ongoing, sociable]",-0.9205746178983234
Please rate your impression of the robot you just interacted with by selecting a point on the scale between the two adjectives. There are no right or wrong answers. ,agreebleness,-0.9258200997725514
"Consider expectations toward Pepper robot and express how much do you agree with the properties attributed to it (scale: 0%-100%, scroll in to see all the options).  [Provide Feedback]",agreebleness,-0.9258200997725514
agreebleness,I see myself as someone who  [... tends to find fault with others],-0.9258200997725514
I see myself as someone who  [... tends to find fault with others],agreebleness,-0.9258200997725514
Which picture best describes the relationship between Pepper and your country? ,agreebleness,-0.9258200997725514
agreebleness,Which picture best describes the relationship between Pepper and your country? ,-0.9258200997725514
agreebleness,"Consider expectations toward Pepper robot and express how much do you agree with the properties attributed to it (scale: 0%-100%, scroll in to see all the options).  [Provide Feedback]",-0.9258200997725514
agreebleness,Please rate your impression of the robot you just interacted with by selecting a point on the scale between the two adjectives. There are no right or wrong answers. ,-0.9258200997725514
agreebleness,Which picture best describes the relationship between Pepper and your national culture? ,-0.9296696802013682
Which picture best describes the relationship between Pepper and your national culture? ,agreebleness,-0.9296696802013682
Please rate your impression of the robot you just interacted with by selecting a point on the scale between the two adjectives. There are no right or wrong answers. .4,mean_cultural_closeness_subj,-0.9428090415820637
Please rate your impression of the robot you just interacted with by selecting a point on the scale between the two adjectives. There are no right or wrong answers. .5,mean_cultural_closeness_subj,-0.9428090415820637
mean_cultural_closeness_subj,Please rate your impression of the robot you just interacted with by selecting a point on the scale between the two adjectives. There are no right or wrong answers. .5,-0.9428090415820637
mean_cultural_closeness_subj,Please rate your impression of the robot you just interacted with by selecting a point on the scale between the two adjectives. There are no right or wrong answers. .4,-0.9428090415820637
Which picture best describes your relationship with Italian or German Culture?,neuroticism,-0.9438798074485389
neuroticism,Which picture best describes your relationship with Italian or German Culture?,-0.9438798074485389
Which picture best describes your relationship with Italian or German Culture?,"Consider expectations toward Pepper robot and express how much do you agree with the properties attributed to it (scale: 0%-100%, scroll in to see all the options).  [Function successfully]",-0.943879807448539
"Consider expectations toward Pepper robot and express how much do you agree with the properties attributed to it (scale: 0%-100%, scroll in to see all the options).  [Function successfully]",Which picture best describes your relationship with Italian or German Culture?,-0.943879807448539
"Consider expectations toward Pepper robot and express how much do you agree with the properties attributed to it (scale: 0%-100%, scroll in to see all the options).  [Provide appropriate information]",agreebleness,-0.944911182523068
agreebleness,"Consider expectations toward Pepper robot and express how much do you agree with the properties attributed to it (scale: 0%-100%, scroll in to see all the options).  [Provide appropriate information]",-0.944911182523068
Which picture best describes your relationship with Italy or Germany?,"Consider expectations toward Pepper robot and express how much do you agree with the properties attributed to it (scale: 0%-100%, scroll in to see all the options).  [Perform exactly as instructed]",-0.9467292624062573
"Consider expectations toward Pepper robot and express how much do you agree with the properties attributed to it (scale: 0%-100%, scroll in to see all the options).  [Perform exactly as instructed]",Which picture best describes your relationship with Italy or Germany?,-0.9467292624062573
I see myself as someone who  [... is generally trusting],Which picture best describes the relationship between Pepper and your country? ,-0.9467292624062575
Which picture best describes the relationship between Pepper and your country? ,I see myself as someone who  [... is generally trusting],-0.9467292624062575
I see myself as someone who  [... is generally trusting],"Consider expectations toward Pepper robot and express how much do you agree with the properties attributed to it (scale: 0%-100%, scroll in to see all the options).  [Provide appropriate information]",-0.9486832980505139
"Consider expectations toward Pepper robot and express how much do you agree with the properties attributed to it (scale: 0%-100%, scroll in to see all the options).  [Provide appropriate information]",Which picture best describes your relationship with Italian or German Culture?,-0.9486832980505139
"Consider expectations toward Pepper robot and express how much do you agree with the properties attributed to it (scale: 0%-100%, scroll in to see all the options).  [Provide appropriate information]",I see myself as someone who  [... is generally trusting],-0.9486832980505139
Which picture best describes your relationship with Italian or German Culture?,"Consider expectations toward Pepper robot and express how much do you agree with the properties attributed to it (scale: 0%-100%, scroll in to see all the options).  [Provide appropriate information]",-0.9486832980505139
agreebleness,mean_cultural_closeness,-0.952564084956894
mean_cultural_closeness,agreebleness,-0.952564084956894
"I see myself as someone who  [... is relaxed, handles stress well]",Which picture best describes the relationship between Pepper and your national culture? ,-0.9534625892455924
Which picture best describes the relationship between Pepper and your national culture? ,"I see myself as someone who  [... is relaxed, handles stress well]",-0.9534625892455924
"I see myself as someone who  [... is ongoing, sociable]","Consider expectations toward Pepper robot and express how much do you agree with the properties attributed to it (scale: 0%-100%, scroll in to see all the options).  [Predictable]",-0.9561828874675148
"Consider expectations toward Pepper robot and express how much do you agree with the properties attributed to it (scale: 0%-100%, scroll in to see all the options).  [Predictable]","I see myself as someone who  [... is ongoing, sociable]",-0.9561828874675148
"Consider expectations toward Pepper robot and express how much do you agree with the properties attributed to it (scale: 0%-100%, scroll in to see all the options).  [Communicate with people]",mean_cultural_closeness_subj,-0.968495996958186
mean_cultural_closeness_subj,"Consider expectations toward Pepper robot and express how much do you agree with the properties attributed to it (scale: 0%-100%, scroll in to see all the options).  [Communicate with people]",-0.968495996958186
mean_competence,mean_cultural_closeness_subj,-0.9728592991419756
mean_cultural_closeness_subj,mean_competence,-0.9728592991419756
agreebleness,Which picture best describes the relationship between Pepper and your own preferences? ,-0.9742446008949094
Which picture best describes the relationship between Pepper and your own preferences? ,agreebleness,-0.9742446008949094
coscientiousness,"Consider expectations toward Pepper robot and express how much do you agree with the properties attributed to it (scale: 0%-100%, scroll in to see all the options).  [Have errors]",-0.9803789354850792
"Consider expectations toward Pepper robot and express how much do you agree with the properties attributed to it (scale: 0%-100%, scroll in to see all the options).  [Have errors]",coscientiousness,-0.9803789354850792
Please rate your impression of the robot you just interacted with by selecting a point on the scale between the two adjectives. There are no right or wrong answers. .5,agreebleness,-0.9819805060619657
Please rate your impression of the robot you just interacted with by selecting a point on the scale between the two adjectives. There are no right or wrong answers. .4,agreebleness,-0.9819805060619657
agreebleness,Please rate your impression of the robot you just interacted with by selecting a point on the scale between the two adjectives. There are no right or wrong answers. .4,-0.9819805060619657
agreebleness,Please rate your impression of the robot you just interacted with by selecting a point on the scale between the two adjectives. There are no right or wrong answers. .5,-0.9819805060619657
I see myself as someone who  [... is generally trusting],"Consider expectations toward Pepper robot and express how much do you agree with the properties attributed to it (scale: 0%-100%, scroll in to see all the options).  [Predictable]",-0.9827076298239906
"Consider expectations toward Pepper robot and express how much do you agree with the properties attributed to it (scale: 0%-100%, scroll in to see all the options).  [Predictable]",I see myself as someone who  [... is generally trusting],-0.9827076298239906
I see myself as someone who  [... tends to be lazy],coscientiousness,-0.9827076298239908
coscientiousness,I see myself as someone who  [... tends to be lazy],-0.9827076298239908
Please rate your impression of the robot you just interacted with by selecting a point on the scale between the two adjectives. There are no right or wrong answers. .2,Which picture best describes your relationship with Italy or Germany?,-0.9827076298239908
Which picture best describes your relationship with Italy or Germany?,Please rate your impression of the robot you just interacted with by selecting a point on the scale between the two adjectives. There are no right or wrong answers. .2,-0.9827076298239908
mean_cultural_closeness,I see myself as someone who  [... is generally trusting],-0.9844951849708405
I see myself as someone who  [... is generally trusting],mean_cultural_closeness,-0.9844951849708405
Which picture best describes the relationship between Pepper and your own preferences? ,I see myself as someone who  [... is generally trusting],-0.9897782665572894
I see myself as someone who  [... is generally trusting],Which picture best describes the relationship between Pepper and your own preferences? ,-0.9897782665572894
I see myself as someone who  [... is generally trusting],Which picture best describes the relationship between Pepper and your national culture? ,-0.9899494936611665
Which picture best describes the relationship between Pepper and your national culture? ,I see myself as someone who  [... is generally trusting],-0.9899494936611665
"Consider expectations toward Pepper robot and express how much do you agree with the properties attributed to it (scale: 0%-100%, scroll in to see all the options).  [Predictable]",agreebleness,-0.9938586931957765
agreebleness,"Consider expectations toward Pepper robot and express how much do you agree with the properties attributed to it (scale: 0%-100%, scroll in to see all the options).  [Predictable]",-0.9938586931957765
mean_cultural_closeness_subj,"Consider expectations toward Pepper robot and express how much do you agree with the properties attributed to it (scale: 0%-100%, scroll in to see all the options).  [Provide Feedback]",-0.9999999999999993
"Consider expectations toward Pepper robot and express how much do you agree with the properties attributed to it (scale: 0%-100%, scroll in to see all the options).  [Provide Feedback]",mean_cultural_closeness_subj,-0.9999999999999993
mean_cultural_closeness_subj,I see myself as someone who  [... tends to find fault with others],-0.9999999999999997
I see myself as someone who  [... tends to find fault with others],mean_cultural_closeness_subj,-0.9999999999999997
"Consider expectations toward Pepper robot and express how much do you agree with the properties attributed to it (scale: 0%-100%, scroll in to see all the options).  [Function successfully]",extraversion,-0.9999999999999998
extraversion,"Consider expectations toward Pepper robot and express how much do you agree with the properties attributed to it (scale: 0%-100%, scroll in to see all the options).  [Function successfully]",-0.9999999999999998
Please rate your impression of the robot you just interacted with by selecting a point on the scale between the two adjectives. There are no right or wrong answers. .3,Which picture best describes your relationship with Italy or Germany?,-1.0
Which picture best describes your relationship with Italy or Germany?,"Consider expectations toward Pepper robot and express how much do you agree with the properties attributed to it (scale: 0%-100%, scroll in to see all the options).  [Reliable]",-1.0
"Consider expectations toward Pepper robot and express how much do you agree with the properties attributed to it (scale: 0%-100%, scroll in to see all the options).  [Reliable]",Which picture best describes your relationship with Italy or Germany?,-1.0
Which picture best describes your relationship with Italy or Germany?,Please rate your impression of the robot you just interacted with by selecting a point on the scale between the two adjectives. There are no right or wrong answers. .3,-1.0
"I see myself as someone who  [... is ongoing, sociable]","Consider expectations toward Pepper robot and express how much do you agree with the properties attributed to it (scale: 0%-100%, scroll in to see all the options).  [Provide appropriate information]",-1.0000000000000002
"Consider expectations toward Pepper robot and express how much do you agree with the properties attributed to it (scale: 0%-100%, scroll in to see all the options).  [Provide appropriate information]","I see myself as someone who  [... is ongoing, sociable]",-1.0000000000000002
Please rate your impression of the robot you just interacted with by selecting a point on the scale between the two adjectives. There are no right or wrong answers. ,mean_cultural_closeness_subj,-1.0000000000000004
mean_cultural_closeness_subj,Please rate your impression of the robot you just interacted with by selecting a point on the scale between the two adjectives. There are no right or wrong answers. ,-1.0000000000000004
