,,0
Which picture best describes the relationship between Pepper and your own preferences? ,Please rate your impression of the robot you just interacted with by selecting a point on the scale between the two adjectives. There are no right or wrong answers. .3,0.9999999999999999
Please rate your impression of the robot you just interacted with by selecting a point on the scale between the two adjectives. There are no right or wrong answers. .3,Which picture best describes the relationship between Pepper and your own preferences? ,0.9999999999999999
"Consider expectations toward Pepper robot and express how much do you agree with the properties attributed to it (scale: 0%-100%, scroll in to see all the options).  [Dependable]","Consider expectations toward Pepper robot and express how much do you agree with the properties attributed to it (scale: 0%-100%, scroll in to see all the options).  [Function successfully]",0.9999999999999998
"Consider expectations toward Pepper robot and express how much do you agree with the properties attributed to it (scale: 0%-100%, scroll in to see all the options).  [Predictable]","Consider expectations toward Pepper robot and express how much do you agree with the properties attributed to it (scale: 0%-100%, scroll in to see all the options).  [Function successfully]",0.9999999999999998
"Consider expectations toward Pepper robot and express how much do you agree with the properties attributed to it (scale: 0%-100%, scroll in to see all the options).  [Function successfully]","Consider expectations toward Pepper robot and express how much do you agree with the properties attributed to it (scale: 0%-100%, scroll in to see all the options).  [Predictable]",0.9999999999999998
"Consider expectations toward Pepper robot and express how much do you agree with the properties attributed to it (scale: 0%-100%, scroll in to see all the options).  [Function successfully]","Consider expectations toward Pepper robot and express how much do you agree with the properties attributed to it (scale: 0%-100%, scroll in to see all the options).  [Dependable]",0.9999999999999998
Please rate your impression of the robot you just interacted with by selecting a point on the scale between the two adjectives. There are no right or wrong answers. ,mean_competence,0.9982563195104296
mean_competence,Please rate your impression of the robot you just interacted with by selecting a point on the scale between the two adjectives. There are no right or wrong answers. ,0.9982563195104296
mean_competence,mean_cultural_closeness,0.9966604008496658
mean_cultural_closeness,mean_competence,0.9966604008496658
Please rate your impression of the robot you just interacted with by selecting a point on the scale between the two adjectives. There are no right or wrong answers. .5,Which picture best describes the relationship between Pepper and your national culture? ,0.9962343947220228
Which picture best describes the relationship between Pepper and your national culture? ,Please rate your impression of the robot you just interacted with by selecting a point on the scale between the two adjectives. There are no right or wrong answers. .5,0.9962343947220228
Which picture best describes the relationship between Pepper and your country? ,Please rate your impression of the robot you just interacted with by selecting a point on the scale between the two adjectives. There are no right or wrong answers. .3,0.9962343947220228
Which picture best describes the relationship between Pepper and your own preferences? ,Which picture best describes the relationship between Pepper and your country? ,0.9962343947220228
Please rate your impression of the robot you just interacted with by selecting a point on the scale between the two adjectives. There are no right or wrong answers. .3,Which picture best describes the relationship between Pepper and your country? ,0.9962343947220228
Which picture best describes the relationship between Pepper and your country? ,Which picture best describes the relationship between Pepper and your own preferences? ,0.9962343947220228
"Consider expectations toward Pepper robot and express how much do you agree with the properties attributed to it (scale: 0%-100%, scroll in to see all the options).  [Meet the needs of the mission]","Consider expectations toward Pepper robot and express how much do you agree with the properties attributed to it (scale: 0%-100%, scroll in to see all the options).  [Perform exactly as instructed]",0.9961164901835046
"Consider expectations toward Pepper robot and express how much do you agree with the properties attributed to it (scale: 0%-100%, scroll in to see all the options).  [Perform exactly as instructed]","Consider expectations toward Pepper robot and express how much do you agree with the properties attributed to it (scale: 0%-100%, scroll in to see all the options).  [Meet the needs of the mission]",0.9961164901835046
mean_cultural_closeness,Which picture best describes the relationship between Pepper and your country? ,0.9960286137424185
Which picture best describes the relationship between Pepper and your country? ,mean_cultural_closeness,0.9960286137424185
mean_cultural_closeness,Please rate your impression of the robot you just interacted with by selecting a point on the scale between the two adjectives. There are no right or wrong answers. ,0.9952636403633774
Please rate your impression of the robot you just interacted with by selecting a point on the scale between the two adjectives. There are no right or wrong answers. ,mean_cultural_closeness,0.9952636403633774
mean_cultural_closeness,"I see myself as someone who  [... is ongoing, sociable]",0.9941262340635089
"I see myself as someone who  [... is ongoing, sociable]",mean_cultural_closeness,0.9941262340635089
"I see myself as someone who  [... is ongoing, sociable]",mean_competence,0.9924669360421842
mean_competence,"I see myself as someone who  [... is ongoing, sociable]",0.9924669360421842
Which picture best describes the relationship between Pepper and your national culture? ,mean_competence,0.9921722824511752
mean_competence,Which picture best describes the relationship between Pepper and your national culture? ,0.9921722824511752
Please rate your impression of the robot you just interacted with by selecting a point on the scale between the two adjectives. There are no right or wrong answers. .2,Please rate your impression of the robot you just interacted with by selecting a point on the scale between the two adjectives. There are no right or wrong answers. .5,0.9875946706006018
Please rate your impression of the robot you just interacted with by selecting a point on the scale between the two adjectives. There are no right or wrong answers. .5,Please rate your impression of the robot you just interacted with by selecting a point on the scale between the two adjectives. There are no right or wrong answers. .2,0.9875946706006018
"Consider expectations toward Pepper robot and express how much do you agree with the properties attributed to it (scale: 0%-100%, scroll in to see all the options).  [Provide Feedback]",Please rate your impression of the robot you just interacted with by selecting a point on the scale between the two adjectives. There are no right or wrong answers. .4,0.9864400504156213
Please rate your impression of the robot you just interacted with by selecting a point on the scale between the two adjectives. There are no right or wrong answers. .4,"Consider expectations toward Pepper robot and express how much do you agree with the properties attributed to it (scale: 0%-100%, scroll in to see all the options).  [Provide Feedback]",0.9864400504156213
I see myself as someone who  [... does a thorough job],Please rate your impression of the robot you just interacted with by selecting a point on the scale between the two adjectives. There are no right or wrong answers. .4,0.9864400504156211
Please rate your impression of the robot you just interacted with by selecting a point on the scale between the two adjectives. There are no right or wrong answers. .4,I see myself as someone who  [... does a thorough job],0.9864400504156211
"I see myself as someone who  [... is ongoing, sociable]",Which picture best describes the relationship between Pepper and your national culture? ,0.9864400504156209
"I see myself as someone who  [... is ongoing, sociable]",Which picture best describes the relationship between Pepper and your country? ,0.9864400504156209
Which picture best describes the relationship between Pepper and your national culture? ,"I see myself as someone who  [... is ongoing, sociable]",0.9864400504156209
Which picture best describes the relationship between Pepper and your country? ,"I see myself as someone who  [... is ongoing, sociable]",0.9864400504156209
mean_cultural_closeness,Please rate your impression of the robot you just interacted with by selecting a point on the scale between the two adjectives. There are no right or wrong answers. .3,0.9861480606625133
Please rate your impression of the robot you just interacted with by selecting a point on the scale between the two adjectives. There are no right or wrong answers. .3,mean_cultural_closeness,0.9861480606625133
Which picture best describes the relationship between Pepper and your own preferences? ,mean_cultural_closeness,0.9861480606625131
mean_cultural_closeness,Which picture best describes the relationship between Pepper and your own preferences? ,0.9861480606625131
Please rate your impression of the robot you just interacted with by selecting a point on the scale between the two adjectives. There are no right or wrong answers. .2,Please rate your impression of the robot you just interacted with by selecting a point on the scale between the two adjectives. There are no right or wrong answers. .1,0.9860161736144927
Please rate your impression of the robot you just interacted with by selecting a point on the scale between the two adjectives. There are no right or wrong answers. .1,Please rate your impression of the robot you just interacted with by selecting a point on the scale between the two adjectives. There are no right or wrong answers. .2,0.9860161736144927
neuroticism,I see myself as someone who  [... get nervous easily],0.9858435728860858
I see myself as someone who  [... get nervous easily],neuroticism,0.9858435728860858
Please rate your impression of the robot you just interacted with by selecting a point on the scale between the two adjectives. There are no right or wrong answers. ,Which picture best describes the relationship between Pepper and your national culture? ,0.9856639980176115
Please rate your impression of the robot you just interacted with by selecting a point on the scale between the two adjectives. There are no right or wrong answers. ,Which picture best describes the relationship between Pepper and your country? ,0.9856639980176115
Which picture best describes the relationship between Pepper and your country? ,Please rate your impression of the robot you just interacted with by selecting a point on the scale between the two adjectives. There are no right or wrong answers. ,0.9856639980176115
Which picture best describes the relationship between Pepper and your national culture? ,Please rate your impression of the robot you just interacted with by selecting a point on the scale between the two adjectives. There are no right or wrong answers. ,0.9856639980176115
"I see myself as someone who  [... is relaxed, handles stress well]",Please rate your impression of the robot you just interacted with by selecting a point on the scale between the two adjectives. There are no right or wrong answers. .1,0.9856236902976732
Please rate your impression of the robot you just interacted with by selecting a point on the scale between the two adjectives. There are no right or wrong answers. .1,"I see myself as someone who  [... is relaxed, handles stress well]",0.9856236902976732
Which picture best describes the relationship between Pepper and your country? ,mean_competence,0.985590708438232
mean_competence,Which picture best describes the relationship between Pepper and your country? ,0.985590708438232
Please rate your impression of the robot you just interacted with by selecting a point on the scale between the two adjectives. There are no right or wrong answers. ,"I see myself as someone who  [... is ongoing, sociable]",0.9847319278346618
"Consider expectations toward Pepper robot and express how much do you agree with the properties attributed to it (scale: 0%-100%, scroll in to see all the options).  [Dependable]","Consider expectations toward Pepper robot and express how much do you agree with the properties attributed to it (scale: 0%-100%, scroll in to see all the options).  [Meet the needs of the mission]",0.9847319278346618
"Consider expectations toward Pepper robot and express how much do you agree with the properties attributed to it (scale: 0%-100%, scroll in to see all the options).  [Predictable]","Consider expectations toward Pepper robot and express how much do you agree with the properties attributed to it (scale: 0%-100%, scroll in to see all the options).  [Meet the needs of the mission]",0.9847319278346618
"I see myself as someone who  [... is ongoing, sociable]",Please rate your impression of the robot you just interacted with by selecting a point on the scale between the two adjectives. There are no right or wrong answers. ,0.9847319278346618
"Consider expectations toward Pepper robot and express how much do you agree with the properties attributed to it (scale: 0%-100%, scroll in to see all the options).  [Meet the needs of the mission]","Consider expectations toward Pepper robot and express how much do you agree with the properties attributed to it (scale: 0%-100%, scroll in to see all the options).  [Predictable]",0.9847319278346618
"Consider expectations toward Pepper robot and express how much do you agree with the properties attributed to it (scale: 0%-100%, scroll in to see all the options).  [Meet the needs of the mission]","Consider expectations toward Pepper robot and express how much do you agree with the properties attributed to it (scale: 0%-100%, scroll in to see all the options).  [Dependable]",0.9847319278346618
"Consider expectations toward Pepper robot and express how much do you agree with the properties attributed to it (scale: 0%-100%, scroll in to see all the options).  [Function successfully]","Consider expectations toward Pepper robot and express how much do you agree with the properties attributed to it (scale: 0%-100%, scroll in to see all the options).  [Meet the needs of the mission]",0.9847319278346615
"Consider expectations toward Pepper robot and express how much do you agree with the properties attributed to it (scale: 0%-100%, scroll in to see all the options).  [Meet the needs of the mission]","Consider expectations toward Pepper robot and express how much do you agree with the properties attributed to it (scale: 0%-100%, scroll in to see all the options).  [Function successfully]",0.9847319278346615
"I see myself as someone who  [... is relaxed, handles stress well]",Please rate your impression of the robot you just interacted with by selecting a point on the scale between the two adjectives. There are no right or wrong answers. .2,0.9820842820734641
Please rate your impression of the robot you just interacted with by selecting a point on the scale between the two adjectives. There are no right or wrong answers. .2,"I see myself as someone who  [... is relaxed, handles stress well]",0.9820842820734641
Which picture best describes the relationship between Pepper and your national culture? ,Please rate your impression of the robot you just interacted with by selecting a point on the scale between the two adjectives. There are no right or wrong answers. .2,0.9818233652768844
Please rate your impression of the robot you just interacted with by selecting a point on the scale between the two adjectives. There are no right or wrong answers. .2,Which picture best describes the relationship between Pepper and your national culture? ,0.9818233652768844
Please rate your impression of the robot you just interacted with by selecting a point on the scale between the two adjectives. There are no right or wrong answers. .1,Which picture best describes the relationship between Pepper and your national culture? ,0.9813358399735744
Which picture best describes the relationship between Pepper and your national culture? ,Please rate your impression of the robot you just interacted with by selecting a point on the scale between the two adjectives. There are no right or wrong answers. .1,0.9813358399735744
mean_competence,Please rate your impression of the robot you just interacted with by selecting a point on the scale between the two adjectives. There are no right or wrong answers. .5,0.981173246975047
Please rate your impression of the robot you just interacted with by selecting a point on the scale between the two adjectives. There are no right or wrong answers. .5,mean_competence,0.981173246975047
mean_cultural_closeness,Which picture best describes the relationship between Pepper and your national culture? ,0.9806459324490993
Which picture best describes the relationship between Pepper and your national culture? ,mean_cultural_closeness,0.9806459324490993
mean_personality_subj,Which picture best describes your relationship with Italy or Germany?,0.9801960588196075
Which picture best describes your relationship with Italy or Germany?,mean_personality_subj,0.9801960588196075
"I see myself as someone who  [... is ongoing, sociable]",Please rate your impression of the robot you just interacted with by selecting a point on the scale between the two adjectives. There are no right or wrong answers. .1,0.9771398364036775
Please rate your impression of the robot you just interacted with by selecting a point on the scale between the two adjectives. There are no right or wrong answers. .1,"I see myself as someone who  [... is ongoing, sociable]",0.9771398364036775
Please rate your impression of the robot you just interacted with by selecting a point on the scale between the two adjectives. There are no right or wrong answers. .5,Please rate your impression of the robot you just interacted with by selecting a point on the scale between the two adjectives. There are no right or wrong answers. ,0.9753841331435328
Please rate your impression of the robot you just interacted with by selecting a point on the scale between the two adjectives. There are no right or wrong answers. .3,Please rate your impression of the robot you just interacted with by selecting a point on the scale between the two adjectives. There are no right or wrong answers. ,0.9753841331435328
Please rate your impression of the robot you just interacted with by selecting a point on the scale between the two adjectives. There are no right or wrong answers. ,Please rate your impression of the robot you just interacted with by selecting a point on the scale between the two adjectives. There are no right or wrong answers. .3,0.9753841331435328
Please rate your impression of the robot you just interacted with by selecting a point on the scale between the two adjectives. There are no right or wrong answers. ,Please rate your impression of the robot you just interacted with by selecting a point on the scale between the two adjectives. There are no right or wrong answers. .5,0.9753841331435328
Which picture best describes the relationship between Pepper and your own preferences? ,Please rate your impression of the robot you just interacted with by selecting a point on the scale between the two adjectives. There are no right or wrong answers. ,0.9753841331435327
Please rate your impression of the robot you just interacted with by selecting a point on the scale between the two adjectives. There are no right or wrong answers. ,Which picture best describes the relationship between Pepper and your own preferences? ,0.9753841331435327
"Consider expectations toward Pepper robot and express how much do you agree with the properties attributed to it (scale: 0%-100%, scroll in to see all the options).  [Unresponsive]","I see myself as someone who  [... is relaxed, handles stress well]",0.9733285267845754
"I see myself as someone who  [... is relaxed, handles stress well]","Consider expectations toward Pepper robot and express how much do you agree with the properties attributed to it (scale: 0%-100%, scroll in to see all the options).  [Unresponsive]",0.9733285267845754
"Consider expectations toward Pepper robot and express how much do you agree with the properties attributed to it (scale: 0%-100%, scroll in to see all the options).  [Unresponsive]",I see myself as someone who  [... has active imagination],0.9733285267845752
I see myself as someone who  [... has active imagination],"Consider expectations toward Pepper robot and express how much do you agree with the properties attributed to it (scale: 0%-100%, scroll in to see all the options).  [Unresponsive]",0.9733285267845752
Please rate your impression of the robot you just interacted with by selecting a point on the scale between the two adjectives. There are no right or wrong answers. .1,Please rate your impression of the robot you just interacted with by selecting a point on the scale between the two adjectives. There are no right or wrong answers. .5,0.9728275170889845
Please rate your impression of the robot you just interacted with by selecting a point on the scale between the two adjectives. There are no right or wrong answers. .5,Please rate your impression of the robot you just interacted with by selecting a point on the scale between the two adjectives. There are no right or wrong answers. .1,0.9728275170889845
Please rate your impression of the robot you just interacted with by selecting a point on the scale between the two adjectives. There are no right or wrong answers. .3,mean_competence,0.9711867508226293
mean_competence,Please rate your impression of the robot you just interacted with by selecting a point on the scale between the two adjectives. There are no right or wrong answers. .3,0.9711867508226293
mean_competence,Which picture best describes the relationship between Pepper and your own preferences? ,0.9711867508226291
Which picture best describes the relationship between Pepper and your own preferences? ,mean_competence,0.9711867508226291
"I see myself as someone who  [... is ongoing, sociable]",Which picture best describes the relationship between Pepper and your own preferences? ,0.9684959969581863
Which picture best describes the relationship between Pepper and your own preferences? ,"I see myself as someone who  [... is ongoing, sociable]",0.9684959969581863
Please rate your impression of the robot you just interacted with by selecting a point on the scale between the two adjectives. There are no right or wrong answers. .3,"I see myself as someone who  [... is ongoing, sociable]",0.9684959969581862
Please rate your impression of the robot you just interacted with by selecting a point on the scale between the two adjectives. There are no right or wrong answers. .5,"I see myself as someone who  [... is ongoing, sociable]",0.9684959969581862
"I see myself as someone who  [... is ongoing, sociable]",Please rate your impression of the robot you just interacted with by selecting a point on the scale between the two adjectives. There are no right or wrong answers. .5,0.9684959969581862
"I see myself as someone who  [... is ongoing, sociable]",Please rate your impression of the robot you just interacted with by selecting a point on the scale between the two adjectives. There are no right or wrong answers. .3,0.9684959969581862
"Consider expectations toward Pepper robot and express how much do you agree with the properties attributed to it (scale: 0%-100%, scroll in to see all the options).  [Perform exactly as instructed]","Consider expectations toward Pepper robot and express how much do you agree with the properties attributed to it (scale: 0%-100%, scroll in to see all the options).  [Reliable]",0.9658242787731627
"Consider expectations toward Pepper robot and express how much do you agree with the properties attributed to it (scale: 0%-100%, scroll in to see all the options).  [Reliable]","Consider expectations toward Pepper robot and express how much do you agree with the properties attributed to it (scale: 0%-100%, scroll in to see all the options).  [Perform exactly as instructed]",0.9658242787731627
Which picture best describes your relationship with Italian or German Culture?,Please rate your impression of the robot you just interacted with by selecting a point on the scale between the two adjectives. There are no right or wrong answers. .5,0.9655810287305759
Please rate your impression of the robot you just interacted with by selecting a point on the scale between the two adjectives. There are no right or wrong answers. .5,Which picture best describes your relationship with Italian or German Culture?,0.9655810287305759
"Consider expectations toward Pepper robot and express how much do you agree with the properties attributed to it (scale: 0%-100%, scroll in to see all the options).  [Perform exactly as instructed]","Consider expectations toward Pepper robot and express how much do you agree with the properties attributed to it (scale: 0%-100%, scroll in to see all the options).  [Predictable]",0.9655810287305758
"Consider expectations toward Pepper robot and express how much do you agree with the properties attributed to it (scale: 0%-100%, scroll in to see all the options).  [Perform exactly as instructed]","Consider expectations toward Pepper robot and express how much do you agree with the properties attributed to it (scale: 0%-100%, scroll in to see all the options).  [Dependable]",0.9655810287305758
"Consider expectations toward Pepper robot and express how much do you agree with the properties attributed to it (scale: 0%-100%, scroll in to see all the options).  [Dependable]","Consider expectations toward Pepper robot and express how much do you agree with the properties attributed to it (scale: 0%-100%, scroll in to see all the options).  [Perform exactly as instructed]",0.9655810287305758
"Consider expectations toward Pepper robot and express how much do you agree with the properties attributed to it (scale: 0%-100%, scroll in to see all the options).  [Predictable]","Consider expectations toward Pepper robot and express how much do you agree with the properties attributed to it (scale: 0%-100%, scroll in to see all the options).  [Perform exactly as instructed]",0.9655810287305758
"Consider expectations toward Pepper robot and express how much do you agree with the properties attributed to it (scale: 0%-100%, scroll in to see all the options).  [Function successfully]","Consider expectations toward Pepper robot and express how much do you agree with the properties attributed to it (scale: 0%-100%, scroll in to see all the options).  [Perform exactly as instructed]",0.9655810287305756
"Consider expectations toward Pepper robot and express how much do you agree with the properties attributed to it (scale: 0%-100%, scroll in to see all the options).  [Perform exactly as instructed]","Consider expectations toward Pepper robot and express how much do you agree with the properties attributed to it (scale: 0%-100%, scroll in to see all the options).  [Function successfully]",0.9655810287305756
Please rate your impression of the robot you just interacted with by selecting a point on the scale between the two adjectives. There are no right or wrong answers. .5,mean_cultural_closeness,0.9628072781616254
mean_cultural_closeness,Please rate your impression of the robot you just interacted with by selecting a point on the scale between the two adjectives. There are no right or wrong answers. .5,0.9628072781616254
Which picture best describes your relationship with Italy or Germany?,Please rate your impression of the robot you just interacted with by selecting a point on the scale between the two adjectives. There are no right or wrong answers. .4,0.9622504486493763
Please rate your impression of the robot you just interacted with by selecting a point on the scale between the two adjectives. There are no right or wrong answers. .4,Which picture best describes your relationship with Italy or Germany?,0.9622504486493763
Please rate your impression of the robot you just interacted with by selecting a point on the scale between the two adjectives. There are no right or wrong answers. .1,mean_competence,0.9612534500300304
mean_competence,Please rate your impression of the robot you just interacted with by selecting a point on the scale between the two adjectives. There are no right or wrong answers. .1,0.9612534500300304
Which picture best describes your relationship with Italian or German Culture?,Please rate your impression of the robot you just interacted with by selecting a point on the scale between the two adjectives. There are no right or wrong answers. .2,0.959759918866168
Please rate your impression of the robot you just interacted with by selecting a point on the scale between the two adjectives. There are no right or wrong answers. .2,Which picture best describes your relationship with Italian or German Culture?,0.959759918866168
Which picture best describes the relationship between Pepper and your national culture? ,Which picture best describes the relationship between Pepper and your country? ,0.9595959595959596
Which picture best describes the relationship between Pepper and your country? ,Which picture best describes the relationship between Pepper and your national culture? ,0.9595959595959596
"Consider expectations toward Pepper robot and express how much do you agree with the properties attributed to it (scale: 0%-100%, scroll in to see all the options).  [Meet the needs of the mission]","Consider expectations toward Pepper robot and express how much do you agree with the properties attributed to it (scale: 0%-100%, scroll in to see all the options).  [Reliable]",0.9525793444156803
"Consider expectations toward Pepper robot and express how much do you agree with the properties attributed to it (scale: 0%-100%, scroll in to see all the options).  [Reliable]","Consider expectations toward Pepper robot and express how much do you agree with the properties attributed to it (scale: 0%-100%, scroll in to see all the options).  [Meet the needs of the mission]",0.9525793444156803
mean_cultural_closeness,Please rate your impression of the robot you just interacted with by selecting a point on the scale between the two adjectives. There are no right or wrong answers. .1,0.9514741847796276
Please rate your impression of the robot you just interacted with by selecting a point on the scale between the two adjectives. There are no right or wrong answers. .1,mean_cultural_closeness,0.9514741847796276
mean_competence,Please rate your impression of the robot you just interacted with by selecting a point on the scale between the two adjectives. There are no right or wrong answers. .2,0.9506135519943575
Please rate your impression of the robot you just interacted with by selecting a point on the scale between the two adjectives. There are no right or wrong answers. .2,mean_competence,0.9506135519943575
Please rate your impression of the robot you just interacted with by selecting a point on the scale between the two adjectives. There are no right or wrong answers. .2,"I see myself as someone who  [... is ongoing, sociable]",0.9505863757867169
Which picture best describes your relationship with Italian or German language?,neuroticism,0.9505863757867169
"I see myself as someone who  [... is ongoing, sociable]",Please rate your impression of the robot you just interacted with by selecting a point on the scale between the two adjectives. There are no right or wrong answers. .2,0.9505863757867169
neuroticism,Which picture best describes your relationship with Italian or German language?,0.9505863757867169
I see myself as someone who  [... is generally trusting],agreebleness,0.9505863757867169
agreebleness,I see myself as someone who  [... is generally trusting],0.9505863757867169
agreebleness,mean_cultural_closeness_subj,0.9505863757867156
mean_cultural_closeness_subj,agreebleness,0.9505863757867156
"Consider expectations toward Pepper robot and express how much do you agree with the properties attributed to it (scale: 0%-100%, scroll in to see all the options).  [Unresponsive]",extraversion,0.9486832980505138
extraversion,"Consider expectations toward Pepper robot and express how much do you agree with the properties attributed to it (scale: 0%-100%, scroll in to see all the options).  [Unresponsive]",0.9486832980505138
"Consider expectations toward Pepper robot and express how much do you agree with the properties attributed to it (scale: 0%-100%, scroll in to see all the options).  [Act consistenly]","Consider expectations toward Pepper robot and express how much do you agree with the properties attributed to it (scale: 0%-100%, scroll in to see all the options).  [Follow directions]",0.9486832980505134
"Consider expectations toward Pepper robot and express how much do you agree with the properties attributed to it (scale: 0%-100%, scroll in to see all the options).  [Follow directions]","Consider expectations toward Pepper robot and express how much do you agree with the properties attributed to it (scale: 0%-100%, scroll in to see all the options).  [Act consistenly]",0.9486832980505134
"Consider expectations toward Pepper robot and express how much do you agree with the properties attributed to it (scale: 0%-100%, scroll in to see all the options).  [Act consistenly]",Please rate your impression of the robot you just interacted with by selecting a point on the scale between the two adjectives. There are no right or wrong answers. .4,0.9467292624062575
Please rate your impression of the robot you just interacted with by selecting a point on the scale between the two adjectives. There are no right or wrong answers. .4,"Consider expectations toward Pepper robot and express how much do you agree with the properties attributed to it (scale: 0%-100%, scroll in to see all the options).  [Act consistenly]",0.9467292624062575
"I see myself as someone who  [... is relaxed, handles stress well]",Which picture best describes the relationship between Pepper and your national culture? ,0.9453431006169687
Which picture best describes the relationship between Pepper and your national culture? ,"I see myself as someone who  [... is relaxed, handles stress well]",0.9453431006169687
"Consider expectations toward Pepper robot and express how much do you agree with the properties attributed to it (scale: 0%-100%, scroll in to see all the options).  [Communicate with people]",I see myself as someone who  [... has few artistic interests],0.9449111825230679
I see myself as someone who  [... has few artistic interests],"Consider expectations toward Pepper robot and express how much do you agree with the properties attributed to it (scale: 0%-100%, scroll in to see all the options).  [Communicate with people]",0.9449111825230679
"I see myself as someone who  [... is relaxed, handles stress well]",Please rate your impression of the robot you just interacted with by selecting a point on the scale between the two adjectives. There are no right or wrong answers. .5,0.9446104285307813
Please rate your impression of the robot you just interacted with by selecting a point on the scale between the two adjectives. There are no right or wrong answers. .5,"I see myself as someone who  [... is relaxed, handles stress well]",0.9446104285307813
"Consider expectations toward Pepper robot and express how much do you agree with the properties attributed to it (scale: 0%-100%, scroll in to see all the options).  [Provide Feedback]","Consider expectations toward Pepper robot and express how much do you agree with the properties attributed to it (scale: 0%-100%, scroll in to see all the options).  [Act consistenly]",0.943879807448539
"Consider expectations toward Pepper robot and express how much do you agree with the properties attributed to it (scale: 0%-100%, scroll in to see all the options).  [Act consistenly]","Consider expectations toward Pepper robot and express how much do you agree with the properties attributed to it (scale: 0%-100%, scroll in to see all the options).  [Provide Feedback]",0.943879807448539
I see myself as someone who  [... does a thorough job],"Consider expectations toward Pepper robot and express how much do you agree with the properties attributed to it (scale: 0%-100%, scroll in to see all the options).  [Act consistenly]",0.9438798074485389
"Consider expectations toward Pepper robot and express how much do you agree with the properties attributed to it (scale: 0%-100%, scroll in to see all the options).  [Act consistenly]",I see myself as someone who  [... does a thorough job],0.9438798074485389
"Consider expectations toward Pepper robot and express how much do you agree with the properties attributed to it (scale: 0%-100%, scroll in to see all the options).  [Act consistenly]","Consider expectations toward Pepper robot and express how much do you agree with the properties attributed to it (scale: 0%-100%, scroll in to see all the options).  [Dependable]",0.9438798074485388
"Consider expectations toward Pepper robot and express how much do you agree with the properties attributed to it (scale: 0%-100%, scroll in to see all the options).  [Predictable]","Consider expectations toward Pepper robot and express how much do you agree with the properties attributed to it (scale: 0%-100%, scroll in to see all the options).  [Act consistenly]",0.9438798074485388
"Consider expectations toward Pepper robot and express how much do you agree with the properties attributed to it (scale: 0%-100%, scroll in to see all the options).  [Act consistenly]","Consider expectations toward Pepper robot and express how much do you agree with the properties attributed to it (scale: 0%-100%, scroll in to see all the options).  [Predictable]",0.9438798074485388
"Consider expectations toward Pepper robot and express how much do you agree with the properties attributed to it (scale: 0%-100%, scroll in to see all the options).  [Dependable]","Consider expectations toward Pepper robot and express how much do you agree with the properties attributed to it (scale: 0%-100%, scroll in to see all the options).  [Act consistenly]",0.9438798074485388
"Consider expectations toward Pepper robot and express how much do you agree with the properties attributed to it (scale: 0%-100%, scroll in to see all the options).  [Function successfully]","Consider expectations toward Pepper robot and express how much do you agree with the properties attributed to it (scale: 0%-100%, scroll in to see all the options).  [Act consistenly]",0.9438798074485387
"Consider expectations toward Pepper robot and express how much do you agree with the properties attributed to it (scale: 0%-100%, scroll in to see all the options).  [Act consistenly]","Consider expectations toward Pepper robot and express how much do you agree with the properties attributed to it (scale: 0%-100%, scroll in to see all the options).  [Function successfully]",0.9438798074485387
Please rate your impression of the robot you just interacted with by selecting a point on the scale between the two adjectives. There are no right or wrong answers. ,Please rate your impression of the robot you just interacted with by selecting a point on the scale between the two adjectives. There are no right or wrong answers. .1,0.9437165488107274
Please rate your impression of the robot you just interacted with by selecting a point on the scale between the two adjectives. There are no right or wrong answers. .1,Please rate your impression of the robot you just interacted with by selecting a point on the scale between the two adjectives. There are no right or wrong answers. ,0.9437165488107274
mean_personality_subj,Please rate your impression of the robot you just interacted with by selecting a point on the scale between the two adjectives. There are no right or wrong answers. .4,0.9431940973635172
Please rate your impression of the robot you just interacted with by selecting a point on the scale between the two adjectives. There are no right or wrong answers. .4,mean_personality_subj,0.9431940973635172
Which picture best describes your relationship with Italian or German language?,I see myself as someone who  [... get nervous easily],0.9428090415820635
I see myself as someone who  [... get nervous easily],Which picture best describes your relationship with Italian or German language?,0.9428090415820635
"Consider expectations toward Pepper robot and express how much do you agree with the properties attributed to it (scale: 0%-100%, scroll in to see all the options).  [Follow directions]","Consider expectations toward Pepper robot and express how much do you agree with the properties attributed to it (scale: 0%-100%, scroll in to see all the options).  [Reliable]",0.942809041582063
"Consider expectations toward Pepper robot and express how much do you agree with the properties attributed to it (scale: 0%-100%, scroll in to see all the options).  [Reliable]","Consider expectations toward Pepper robot and express how much do you agree with the properties attributed to it (scale: 0%-100%, scroll in to see all the options).  [Follow directions]",0.942809041582063
Which picture best describes the relationship between Pepper and your national culture? ,Which picture best describes your relationship with Italian or German Culture?,0.9393939393939394
Which picture best describes your relationship with Italian or German Culture?,Which picture best describes the relationship between Pepper and your national culture? ,0.9393939393939394
Please rate your impression of the robot you just interacted with by selecting a point on the scale between the two adjectives. There are no right or wrong answers. .2,Please rate your impression of the robot you just interacted with by selecting a point on the scale between the two adjectives. There are no right or wrong answers. ,0.9360727544018183
Please rate your impression of the robot you just interacted with by selecting a point on the scale between the two adjectives. There are no right or wrong answers. ,Please rate your impression of the robot you just interacted with by selecting a point on the scale between the two adjectives. There are no right or wrong answers. .2,0.9360727544018183
Which picture best describes the relationship between Pepper and your own preferences? ,Which picture best describes the relationship between Pepper and your national culture? ,0.9349276627391291
Which picture best describes the relationship between Pepper and your national culture? ,Please rate your impression of the robot you just interacted with by selecting a point on the scale between the two adjectives. There are no right or wrong answers. .3,0.9349276627391291
Which picture best describes the relationship between Pepper and your country? ,Please rate your impression of the robot you just interacted with by selecting a point on the scale between the two adjectives. There are no right or wrong answers. .5,0.9349276627391291
Please rate your impression of the robot you just interacted with by selecting a point on the scale between the two adjectives. There are no right or wrong answers. .5,Which picture best describes the relationship between Pepper and your country? ,0.9349276627391291
Please rate your impression of the robot you just interacted with by selecting a point on the scale between the two adjectives. There are no right or wrong answers. .3,Which picture best describes the relationship between Pepper and your national culture? ,0.9349276627391291
Which picture best describes the relationship between Pepper and your national culture? ,Which picture best describes the relationship between Pepper and your own preferences? ,0.9349276627391291
"Consider expectations toward Pepper robot and express how much do you agree with the properties attributed to it (scale: 0%-100%, scroll in to see all the options).  [Unresponsive]",Please rate your impression of the robot you just interacted with by selecting a point on the scale between the two adjectives. There are no right or wrong answers. .2,0.9313806308475994
Please rate your impression of the robot you just interacted with by selecting a point on the scale between the two adjectives. There are no right or wrong answers. .2,"Consider expectations toward Pepper robot and express how much do you agree with the properties attributed to it (scale: 0%-100%, scroll in to see all the options).  [Unresponsive]",0.9313806308475994
Please rate your impression of the robot you just interacted with by selecting a point on the scale between the two adjectives. There are no right or wrong answers. .1,Which picture best describes the relationship between Pepper and your country? ,0.9289979285083171
Which picture best describes the relationship between Pepper and your country? ,Please rate your impression of the robot you just interacted with by selecting a point on the scale between the two adjectives. There are no right or wrong answers. .1,0.9289979285083171
Please rate your impression of the robot you just interacted with by selecting a point on the scale between the two adjectives. There are no right or wrong answers. .2,mean_cultural_closeness,0.9282028031766987
mean_cultural_closeness,Please rate your impression of the robot you just interacted with by selecting a point on the scale between the two adjectives. There are no right or wrong answers. .2,0.9282028031766987
"I see myself as someone who  [... is relaxed, handles stress well]","I see myself as someone who  [... is ongoing, sociable]",0.9271726499455305
"I see myself as someone who  [... is ongoing, sociable]","I see myself as someone who  [... is relaxed, handles stress well]",0.9271726499455305
"Consider expectations toward Pepper robot and express how much do you agree with the properties attributed to it (scale: 0%-100%, scroll in to see all the options).  [Communicate with people]","Consider expectations toward Pepper robot and express how much do you agree with the properties attributed to it (scale: 0%-100%, scroll in to see all the options).  [Provide appropriate information]",0.9258200997725513
"Consider expectations toward Pepper robot and express how much do you agree with the properties attributed to it (scale: 0%-100%, scroll in to see all the options).  [Provide appropriate information]","Consider expectations toward Pepper robot and express how much do you agree with the properties attributed to it (scale: 0%-100%, scroll in to see all the options).  [Communicate with people]",0.9258200997725513
extraversion,I see myself as someone who  [... has active imagination],0.9233805168766388
I see myself as someone who  [... has active imagination],extraversion,0.9233805168766388
extraversion,"I see myself as someone who  [... is relaxed, handles stress well]",0.9233805168766386
"I see myself as someone who  [... is relaxed, handles stress well]",extraversion,0.9233805168766386
"Consider expectations toward Pepper robot and express how much do you agree with the properties attributed to it (scale: 0%-100%, scroll in to see all the options).  [Unresponsive]",Please rate your impression of the robot you just interacted with by selecting a point on the scale between the two adjectives. There are no right or wrong answers. .1,0.9205746178983235
Please rate your impression of the robot you just interacted with by selecting a point on the scale between the two adjectives. There are no right or wrong answers. .1,"Consider expectations toward Pepper robot and express how much do you agree with the properties attributed to it (scale: 0%-100%, scroll in to see all the options).  [Unresponsive]",0.9205746178983235
Which picture best describes your relationship with Italian or German Culture?,coscientiousness,0.9198662110078
coscientiousness,Which picture best describes your relationship with Italian or German Culture?,0.9198662110078
mean_trust_subj,"Consider expectations toward Pepper robot and express how much do you agree with the properties attributed to it (scale: 0%-100%, scroll in to see all the options).  [Have errors]",0.9179259670862349
"Consider expectations toward Pepper robot and express how much do you agree with the properties attributed to it (scale: 0%-100%, scroll in to see all the options).  [Have errors]",mean_trust_subj,0.9179259670862349
"Consider expectations toward Pepper robot and express how much do you agree with the properties attributed to it (scale: 0%-100%, scroll in to see all the options).  [Act consistenly]","Consider expectations toward Pepper robot and express how much do you agree with the properties attributed to it (scale: 0%-100%, scroll in to see all the options).  [Meet the needs of the mission]",0.9128709291752769
"Consider expectations toward Pepper robot and express how much do you agree with the properties attributed to it (scale: 0%-100%, scroll in to see all the options).  [Meet the needs of the mission]","Consider expectations toward Pepper robot and express how much do you agree with the properties attributed to it (scale: 0%-100%, scroll in to see all the options).  [Act consistenly]",0.9128709291752769
Please rate your impression of the robot you just interacted with by selecting a point on the scale between the two adjectives. There are no right or wrong answers. .5,Please rate your impression of the robot you just interacted with by selecting a point on the scale between the two adjectives. There are no right or wrong answers. .3,0.9069767441860465
Please rate your impression of the robot you just interacted with by selecting a point on the scale between the two adjectives. There are no right or wrong answers. .3,Please rate your impression of the robot you just interacted with by selecting a point on the scale between the two adjectives. There are no right or wrong answers. .5,0.9069767441860465
Which picture best describes the relationship between Pepper and your own preferences? ,Please rate your impression of the robot you just interacted with by selecting a point on the scale between the two adjectives. There are no right or wrong answers. .5,0.9069767441860463
Please rate your impression of the robot you just interacted with by selecting a point on the scale between the two adjectives. There are no right or wrong answers. .5,Which picture best describes the relationship between Pepper and your own preferences? ,0.9069767441860463
mean_competence,"I see myself as someone who  [... is relaxed, handles stress well]",0.9051647182723523
"I see myself as someone who  [... is relaxed, handles stress well]",mean_competence,0.9051647182723523
Which picture best describes your relationship with Italy or Germany?,"Consider expectations toward Pepper robot and express how much do you agree with the properties attributed to it (scale: 0%-100%, scroll in to see all the options).  [Function successfully]",0.9045340337332911
"Consider expectations toward Pepper robot and express how much do you agree with the properties attributed to it (scale: 0%-100%, scroll in to see all the options).  [Function successfully]",Which picture best describes your relationship with Italy or Germany?,0.9045340337332911
Which picture best describes your relationship with Italy or Germany?,I see myself as someone who  [... does a thorough job],0.904534033733291
I see myself as someone who  [... does a thorough job],Which picture best describes your relationship with Italy or Germany?,0.904534033733291
"Consider expectations toward Pepper robot and express how much do you agree with the properties attributed to it (scale: 0%-100%, scroll in to see all the options).  [Provide Feedback]",Which picture best describes your relationship with Italy or Germany?,0.904534033733291
Which picture best describes your relationship with Italy or Germany?,"Consider expectations toward Pepper robot and express how much do you agree with the properties attributed to it (scale: 0%-100%, scroll in to see all the options).  [Provide Feedback]",0.904534033733291
"Consider expectations toward Pepper robot and express how much do you agree with the properties attributed to it (scale: 0%-100%, scroll in to see all the options).  [Dependable]",Which picture best describes your relationship with Italy or Germany?,0.9045340337332909
Which picture best describes your relationship with Italy or Germany?,"Consider expectations toward Pepper robot and express how much do you agree with the properties attributed to it (scale: 0%-100%, scroll in to see all the options).  [Dependable]",0.9045340337332909
"Consider expectations toward Pepper robot and express how much do you agree with the properties attributed to it (scale: 0%-100%, scroll in to see all the options).  [Reliable]",I see myself as someone who  [... is reserved ],0.9045340337332909
I see myself as someone who  [... is reserved ],"Consider expectations toward Pepper robot and express how much do you agree with the properties attributed to it (scale: 0%-100%, scroll in to see all the options).  [Reliable]",0.9045340337332909
Which picture best describes your relationship with Italy or Germany?,"Consider expectations toward Pepper robot and express how much do you agree with the properties attributed to it (scale: 0%-100%, scroll in to see all the options).  [Predictable]",0.9045340337332909
"Consider expectations toward Pepper robot and express how much do you agree with the properties attributed to it (scale: 0%-100%, scroll in to see all the options).  [Predictable]",Which picture best describes your relationship with Italy or Germany?,0.9045340337332909
"Consider expectations toward Pepper robot and express how much do you agree with the properties attributed to it (scale: 0%-100%, scroll in to see all the options).  [Reliable]","Consider expectations toward Pepper robot and express how much do you agree with the properties attributed to it (scale: 0%-100%, scroll in to see all the options).  [Function successfully]",0.9045340337332908
"Consider expectations toward Pepper robot and express how much do you agree with the properties attributed to it (scale: 0%-100%, scroll in to see all the options).  [Function successfully]","Consider expectations toward Pepper robot and express how much do you agree with the properties attributed to it (scale: 0%-100%, scroll in to see all the options).  [Reliable]",0.9045340337332908
"Consider expectations toward Pepper robot and express how much do you agree with the properties attributed to it (scale: 0%-100%, scroll in to see all the options).  [Reliable]","Consider expectations toward Pepper robot and express how much do you agree with the properties attributed to it (scale: 0%-100%, scroll in to see all the options).  [Predictable]",0.9045340337332903
"Consider expectations toward Pepper robot and express how much do you agree with the properties attributed to it (scale: 0%-100%, scroll in to see all the options).  [Predictable]","Consider expectations toward Pepper robot and express how much do you agree with the properties attributed to it (scale: 0%-100%, scroll in to see all the options).  [Reliable]",0.9045340337332903
"Consider expectations toward Pepper robot and express how much do you agree with the properties attributed to it (scale: 0%-100%, scroll in to see all the options).  [Reliable]","Consider expectations toward Pepper robot and express how much do you agree with the properties attributed to it (scale: 0%-100%, scroll in to see all the options).  [Dependable]",0.9045340337332903
"Consider expectations toward Pepper robot and express how much do you agree with the properties attributed to it (scale: 0%-100%, scroll in to see all the options).  [Dependable]","Consider expectations toward Pepper robot and express how much do you agree with the properties attributed to it (scale: 0%-100%, scroll in to see all the options).  [Reliable]",0.9045340337332903
mean_competence,Which picture best describes your relationship with Italian or German Culture?,0.9033210332764431
Which picture best describes your relationship with Italian or German Culture?,mean_competence,0.9033210332764431
Which picture best describes your relationship with Italian or German Culture?,Please rate your impression of the robot you just interacted with by selecting a point on the scale between the two adjectives. There are no right or wrong answers. .1,0.9028289727756885
Please rate your impression of the robot you just interacted with by selecting a point on the scale between the two adjectives. There are no right or wrong answers. .1,Which picture best describes your relationship with Italian or German Culture?,0.9028289727756885
Please rate your impression of the robot you just interacted with by selecting a point on the scale between the two adjectives. There are no right or wrong answers. ,Which picture best describes your relationship with Italian or German Culture?,0.8999540851465151
Which picture best describes your relationship with Italian or German Culture?,Please rate your impression of the robot you just interacted with by selecting a point on the scale between the two adjectives. There are no right or wrong answers. ,0.8999540851465151
Which picture best describes your relationship with Italian or German Culture?,"I see myself as someone who  [... is relaxed, handles stress well]",0.8992288030258969
"I see myself as someone who  [... is relaxed, handles stress well]",Which picture best describes your relationship with Italian or German Culture?,0.8992288030258969
I see myself as someone who  [... has active imagination],"I see myself as someone who  [... is relaxed, handles stress well]",0.8947368421052632
"I see myself as someone who  [... is relaxed, handles stress well]",I see myself as someone who  [... has active imagination],0.8947368421052632
"Consider expectations toward Pepper robot and express how much do you agree with the properties attributed to it (scale: 0%-100%, scroll in to see all the options).  [Reliable]","Consider expectations toward Pepper robot and express how much do you agree with the properties attributed to it (scale: 0%-100%, scroll in to see all the options).  [Act consistenly]",0.8944271909999161
"Consider expectations toward Pepper robot and express how much do you agree with the properties attributed to it (scale: 0%-100%, scroll in to see all the options).  [Act consistenly]","Consider expectations toward Pepper robot and express how much do you agree with the properties attributed to it (scale: 0%-100%, scroll in to see all the options).  [Reliable]",0.8944271909999161
Which picture best describes your relationship with Italy or Germany?,"Consider expectations toward Pepper robot and express how much do you agree with the properties attributed to it (scale: 0%-100%, scroll in to see all the options).  [Act consistenly]",0.894427190999916
"Consider expectations toward Pepper robot and express how much do you agree with the properties attributed to it (scale: 0%-100%, scroll in to see all the options).  [Act consistenly]",Which picture best describes your relationship with Italy or Germany?,0.894427190999916
Please rate your impression of the robot you just interacted with by selecting a point on the scale between the two adjectives. There are no right or wrong answers. .2,Which picture best describes the relationship between Pepper and your country? ,0.8935695796340184
Which picture best describes the relationship between Pepper and your country? ,Please rate your impression of the robot you just interacted with by selecting a point on the scale between the two adjectives. There are no right or wrong answers. .2,0.8935695796340184
Please rate your impression of the robot you just interacted with by selecting a point on the scale between the two adjectives. There are no right or wrong answers. .1,Please rate your impression of the robot you just interacted with by selecting a point on the scale between the two adjectives. There are no right or wrong answers. .3,0.893413025898047
Please rate your impression of the robot you just interacted with by selecting a point on the scale between the two adjectives. There are no right or wrong answers. .3,Please rate your impression of the robot you just interacted with by selecting a point on the scale between the two adjectives. There are no right or wrong answers. .1,0.893413025898047
Which picture best describes the relationship between Pepper and your own preferences? ,Please rate your impression of the robot you just interacted with by selecting a point on the scale between the two adjectives. There are no right or wrong answers. .1,0.893413025898047
Please rate your impression of the robot you just interacted with by selecting a point on the scale between the two adjectives. There are no right or wrong answers. .1,Which picture best describes the relationship between Pepper and your own preferences? ,0.893413025898047
coscientiousness,Please rate your impression of the robot you just interacted with by selecting a point on the scale between the two adjectives. There are no right or wrong answers. .5,0.8882053623194086
Please rate your impression of the robot you just interacted with by selecting a point on the scale between the two adjectives. There are no right or wrong answers. .5,coscientiousness,0.8882053623194086
Please rate your impression of the robot you just interacted with by selecting a point on the scale between the two adjectives. There are no right or wrong answers. ,coscientiousness,0.8869685939836239
coscientiousness,Please rate your impression of the robot you just interacted with by selecting a point on the scale between the two adjectives. There are no right or wrong answers. ,0.8869685939836239
"Consider expectations toward Pepper robot and express how much do you agree with the properties attributed to it (scale: 0%-100%, scroll in to see all the options).  [Provide Feedback]",mean_personality_subj,0.8866206949335738
mean_personality_subj,"Consider expectations toward Pepper robot and express how much do you agree with the properties attributed to it (scale: 0%-100%, scroll in to see all the options).  [Provide Feedback]",0.8866206949335738
mean_personality_subj,I see myself as someone who  [... does a thorough job],0.8866206949335735
I see myself as someone who  [... does a thorough job],mean_personality_subj,0.8866206949335735
"I see myself as someone who  [... is relaxed, handles stress well]",mean_cultural_closeness,0.886613258443052
mean_cultural_closeness,"I see myself as someone who  [... is relaxed, handles stress well]",0.886613258443052
"Consider expectations toward Pepper robot and express how much do you agree with the properties attributed to it (scale: 0%-100%, scroll in to see all the options).  [Perform exactly as instructed]","Consider expectations toward Pepper robot and express how much do you agree with the properties attributed to it (scale: 0%-100%, scroll in to see all the options).  [Act consistenly]",0.8865926413116152
"Consider expectations toward Pepper robot and express how much do you agree with the properties attributed to it (scale: 0%-100%, scroll in to see all the options).  [Act consistenly]","Consider expectations toward Pepper robot and express how much do you agree with the properties attributed to it (scale: 0%-100%, scroll in to see all the options).  [Perform exactly as instructed]",0.8865926413116152
"I see myself as someone who  [... is relaxed, handles stress well]",Please rate your impression of the robot you just interacted with by selecting a point on the scale between the two adjectives. There are no right or wrong answers. ,0.8804087784801331
Please rate your impression of the robot you just interacted with by selecting a point on the scale between the two adjectives. There are no right or wrong answers. ,"I see myself as someone who  [... is relaxed, handles stress well]",0.8804087784801331
mean_personality_subj,Which picture best describes the relationship between Pepper and your own preferences? ,0.875516914605913
Which picture best describes the relationship between Pepper and your own preferences? ,mean_personality_subj,0.875516914605913
mean_personality_subj,Please rate your impression of the robot you just interacted with by selecting a point on the scale between the two adjectives. There are no right or wrong answers. .3,0.8755169146059129
Please rate your impression of the robot you just interacted with by selecting a point on the scale between the two adjectives. There are no right or wrong answers. .3,mean_personality_subj,0.8755169146059129
Please rate your impression of the robot you just interacted with by selecting a point on the scale between the two adjectives. There are no right or wrong answers. .1,extraversion,0.8733337646093731
extraversion,Please rate your impression of the robot you just interacted with by selecting a point on the scale between the two adjectives. There are no right or wrong answers. .1,0.8733337646093731
"Consider expectations toward Pepper robot and express how much do you agree with the properties attributed to it (scale: 0%-100%, scroll in to see all the options).  [Provide Feedback]",mean_cultural_closeness_subj,0.8703882797784904
mean_cultural_closeness_subj,"Consider expectations toward Pepper robot and express how much do you agree with the properties attributed to it (scale: 0%-100%, scroll in to see all the options).  [Provide Feedback]",0.8703882797784904
I see myself as someone who  [... does a thorough job],mean_cultural_closeness_subj,0.8703882797784902
mean_cultural_closeness_subj,I see myself as someone who  [... does a thorough job],0.8703882797784902
I see myself as someone who  [... does a thorough job],I see myself as someone who  [... is generally trusting],0.8703882797784892
Which picture best describes your relationship with Italian or German Culture?,"I see myself as someone who  [... is ongoing, sociable]",0.8703882797784892
"I see myself as someone who  [... is ongoing, sociable]",Which picture best describes your relationship with Italian or German Culture?,0.8703882797784892
"Consider expectations toward Pepper robot and express how much do you agree with the properties attributed to it (scale: 0%-100%, scroll in to see all the options).  [Provide Feedback]",I see myself as someone who  [... is generally trusting],0.8703882797784892
I see myself as someone who  [... is generally trusting],"Consider expectations toward Pepper robot and express how much do you agree with the properties attributed to it (scale: 0%-100%, scroll in to see all the options).  [Provide Feedback]",0.8703882797784892
I see myself as someone who  [... is generally trusting],I see myself as someone who  [... does a thorough job],0.8703882797784892
Please rate your impression of the robot you just interacted with by selecting a point on the scale between the two adjectives. There are no right or wrong answers. .4,"Consider expectations toward Pepper robot and express how much do you agree with the properties attributed to it (scale: 0%-100%, scroll in to see all the options).  [Predictable]",0.8703882797784891
"Consider expectations toward Pepper robot and express how much do you agree with the properties attributed to it (scale: 0%-100%, scroll in to see all the options).  [Predictable]",Please rate your impression of the robot you just interacted with by selecting a point on the scale between the two adjectives. There are no right or wrong answers. .4,0.8703882797784891
Please rate your impression of the robot you just interacted with by selecting a point on the scale between the two adjectives. There are no right or wrong answers. .4,"Consider expectations toward Pepper robot and express how much do you agree with the properties attributed to it (scale: 0%-100%, scroll in to see all the options).  [Dependable]",0.8703882797784891
"Consider expectations toward Pepper robot and express how much do you agree with the properties attributed to it (scale: 0%-100%, scroll in to see all the options).  [Dependable]",Please rate your impression of the robot you just interacted with by selecting a point on the scale between the two adjectives. There are no right or wrong answers. .4,0.8703882797784891
"Consider expectations toward Pepper robot and express how much do you agree with the properties attributed to it (scale: 0%-100%, scroll in to see all the options).  [Function successfully]",Please rate your impression of the robot you just interacted with by selecting a point on the scale between the two adjectives. There are no right or wrong answers. .4,0.8703882797784889
Please rate your impression of the robot you just interacted with by selecting a point on the scale between the two adjectives. There are no right or wrong answers. .4,"Consider expectations toward Pepper robot and express how much do you agree with the properties attributed to it (scale: 0%-100%, scroll in to see all the options).  [Function successfully]",0.8703882797784889
coscientiousness,mean_competence,0.8672595015021729
mean_competence,coscientiousness,0.8672595015021729
"Consider expectations toward Pepper robot and express how much do you agree with the properties attributed to it (scale: 0%-100%, scroll in to see all the options).  [Follow directions]","Consider expectations toward Pepper robot and express how much do you agree with the properties attributed to it (scale: 0%-100%, scroll in to see all the options).  [Meet the needs of the mission]",0.8660254037844388
"Consider expectations toward Pepper robot and express how much do you agree with the properties attributed to it (scale: 0%-100%, scroll in to see all the options).  [Meet the needs of the mission]","Consider expectations toward Pepper robot and express how much do you agree with the properties attributed to it (scale: 0%-100%, scroll in to see all the options).  [Follow directions]",0.8660254037844388
Which picture best describes your relationship with Italian or German Culture?,mean_cultural_closeness,0.8652758227492051
mean_cultural_closeness,Which picture best describes your relationship with Italian or German Culture?,0.8652758227492051
Which picture best describes the relationship between Pepper and your national culture? ,coscientiousness,0.8641167436739938
coscientiousness,Which picture best describes the relationship between Pepper and your national culture? ,0.8641167436739938
I see myself as someone who  [... has few artistic interests],Which picture best describes the relationship between Pepper and your own preferences? ,0.8626621856275075
Which picture best describes the relationship between Pepper and your own preferences? ,I see myself as someone who  [... has few artistic interests],0.8626621856275075
Please rate your impression of the robot you just interacted with by selecting a point on the scale between the two adjectives. There are no right or wrong answers. .3,I see myself as someone who  [... has few artistic interests],0.8626621856275073
Please rate your impression of the robot you just interacted with by selecting a point on the scale between the two adjectives. There are no right or wrong answers. .5,"Consider expectations toward Pepper robot and express how much do you agree with the properties attributed to it (scale: 0%-100%, scroll in to see all the options).  [Unresponsive]",0.8626621856275073
"Consider expectations toward Pepper robot and express how much do you agree with the properties attributed to it (scale: 0%-100%, scroll in to see all the options).  [Perform exactly as instructed]","Consider expectations toward Pepper robot and express how much do you agree with the properties attributed to it (scale: 0%-100%, scroll in to see all the options).  [Follow directions]",0.8626621856275073
I see myself as someone who  [... has few artistic interests],Please rate your impression of the robot you just interacted with by selecting a point on the scale between the two adjectives. There are no right or wrong answers. .3,0.8626621856275073
"Consider expectations toward Pepper robot and express how much do you agree with the properties attributed to it (scale: 0%-100%, scroll in to see all the options).  [Follow directions]","Consider expectations toward Pepper robot and express how much do you agree with the properties attributed to it (scale: 0%-100%, scroll in to see all the options).  [Perform exactly as instructed]",0.8626621856275073
"Consider expectations toward Pepper robot and express how much do you agree with the properties attributed to it (scale: 0%-100%, scroll in to see all the options).  [Unresponsive]",Please rate your impression of the robot you just interacted with by selecting a point on the scale between the two adjectives. There are no right or wrong answers. .5,0.8626621856275073
Please rate your impression of the robot you just interacted with by selecting a point on the scale between the two adjectives. There are no right or wrong answers. .3,Please rate your impression of the robot you just interacted with by selecting a point on the scale between the two adjectives. There are no right or wrong answers. .2,0.853683528824249
Please rate your impression of the robot you just interacted with by selecting a point on the scale between the two adjectives. There are no right or wrong answers. .2,Please rate your impression of the robot you just interacted with by selecting a point on the scale between the two adjectives. There are no right or wrong answers. .3,0.853683528824249
Please rate your impression of the robot you just interacted with by selecting a point on the scale between the two adjectives. There are no right or wrong answers. .2,Which picture best describes the relationship between Pepper and your own preferences? ,0.853683528824249
Which picture best describes the relationship between Pepper and your own preferences? ,Please rate your impression of the robot you just interacted with by selecting a point on the scale between the two adjectives. There are no right or wrong answers. .2,0.853683528824249
Which picture best describes the relationship between Pepper and your country? ,"I see myself as someone who  [... is relaxed, handles stress well]",0.8531145054348254
"I see myself as someone who  [... is relaxed, handles stress well]",Which picture best describes the relationship between Pepper and your country? ,0.8531145054348254
"Consider expectations toward Pepper robot and express how much do you agree with the properties attributed to it (scale: 0%-100%, scroll in to see all the options).  [Provide Feedback]","Consider expectations toward Pepper robot and express how much do you agree with the properties attributed to it (scale: 0%-100%, scroll in to see all the options).  [Follow directions]",0.852802865422442
"Consider expectations toward Pepper robot and express how much do you agree with the properties attributed to it (scale: 0%-100%, scroll in to see all the options).  [Follow directions]","Consider expectations toward Pepper robot and express how much do you agree with the properties attributed to it (scale: 0%-100%, scroll in to see all the options).  [Provide Feedback]",0.852802865422442
Which picture best describes your relationship with Italian or German Culture?,"Consider expectations toward Pepper robot and express how much do you agree with the properties attributed to it (scale: 0%-100%, scroll in to see all the options).  [Unresponsive]",0.8528028654224418
"Consider expectations toward Pepper robot and express how much do you agree with the properties attributed to it (scale: 0%-100%, scroll in to see all the options).  [Unresponsive]",Which picture best describes your relationship with Italian or German Culture?,0.8528028654224418
"Consider expectations toward Pepper robot and express how much do you agree with the properties attributed to it (scale: 0%-100%, scroll in to see all the options).  [Unresponsive]",Which picture best describes the relationship between Pepper and your national culture? ,0.8528028654224417
Which picture best describes the relationship between Pepper and your country? ,I see myself as someone who  [... has few artistic interests],0.8528028654224417
Which picture best describes the relationship between Pepper and your national culture? ,"Consider expectations toward Pepper robot and express how much do you agree with the properties attributed to it (scale: 0%-100%, scroll in to see all the options).  [Unresponsive]",0.8528028654224417
I see myself as someone who  [... has few artistic interests],Which picture best describes the relationship between Pepper and your country? ,0.8528028654224417
"Consider expectations toward Pepper robot and express how much do you agree with the properties attributed to it (scale: 0%-100%, scroll in to see all the options).  [Function successfully]","Consider expectations toward Pepper robot and express how much do you agree with the properties attributed to it (scale: 0%-100%, scroll in to see all the options).  [Follow directions]",0.8528028654224415
I see myself as someone who  [... does a thorough job],"Consider expectations toward Pepper robot and express how much do you agree with the properties attributed to it (scale: 0%-100%, scroll in to see all the options).  [Follow directions]",0.8528028654224415
I see myself as someone who  [... is reserved ],"Consider expectations toward Pepper robot and express how much do you agree with the properties attributed to it (scale: 0%-100%, scroll in to see all the options).  [Follow directions]",0.8528028654224415
"Consider expectations toward Pepper robot and express how much do you agree with the properties attributed to it (scale: 0%-100%, scroll in to see all the options).  [Follow directions]",I see myself as someone who  [... is reserved ],0.8528028654224415
"Consider expectations toward Pepper robot and express how much do you agree with the properties attributed to it (scale: 0%-100%, scroll in to see all the options).  [Follow directions]","Consider expectations toward Pepper robot and express how much do you agree with the properties attributed to it (scale: 0%-100%, scroll in to see all the options).  [Function successfully]",0.8528028654224415
"Consider expectations toward Pepper robot and express how much do you agree with the properties attributed to it (scale: 0%-100%, scroll in to see all the options).  [Follow directions]",I see myself as someone who  [... does a thorough job],0.8528028654224415
"Consider expectations toward Pepper robot and express how much do you agree with the properties attributed to it (scale: 0%-100%, scroll in to see all the options).  [Follow directions]","Consider expectations toward Pepper robot and express how much do you agree with the properties attributed to it (scale: 0%-100%, scroll in to see all the options).  [Dependable]",0.8528028654224414
"Consider expectations toward Pepper robot and express how much do you agree with the properties attributed to it (scale: 0%-100%, scroll in to see all the options).  [Predictable]","Consider expectations toward Pepper robot and express how much do you agree with the properties attributed to it (scale: 0%-100%, scroll in to see all the options).  [Follow directions]",0.8528028654224414
"Consider expectations toward Pepper robot and express how much do you agree with the properties attributed to it (scale: 0%-100%, scroll in to see all the options).  [Follow directions]","Consider expectations toward Pepper robot and express how much do you agree with the properties attributed to it (scale: 0%-100%, scroll in to see all the options).  [Predictable]",0.8528028654224414
"Consider expectations toward Pepper robot and express how much do you agree with the properties attributed to it (scale: 0%-100%, scroll in to see all the options).  [Dependable]","Consider expectations toward Pepper robot and express how much do you agree with the properties attributed to it (scale: 0%-100%, scroll in to see all the options).  [Follow directions]",0.8528028654224414
coscientiousness,mean_cultural_closeness,0.8383880188182464
mean_cultural_closeness,coscientiousness,0.8383880188182464
"Consider expectations toward Pepper robot and express how much do you agree with the properties attributed to it (scale: 0%-100%, scroll in to see all the options).  [Communicate with people]",I see myself as someone who  [... tends to find fault with others],0.8366600265340755
I see myself as someone who  [... tends to find fault with others],"Consider expectations toward Pepper robot and express how much do you agree with the properties attributed to it (scale: 0%-100%, scroll in to see all the options).  [Communicate with people]",0.8366600265340755
extraversion,Please rate your impression of the robot you just interacted with by selecting a point on the scale between the two adjectives. There are no right or wrong answers. .2,0.8344971792454872
Please rate your impression of the robot you just interacted with by selecting a point on the scale between the two adjectives. There are no right or wrong answers. .2,extraversion,0.8344971792454872
I see myself as someone who  [... has active imagination],Please rate your impression of the robot you just interacted with by selecting a point on the scale between the two adjectives. There are no right or wrong answers. .2,0.8309943925237004
Please rate your impression of the robot you just interacted with by selecting a point on the scale between the two adjectives. There are no right or wrong answers. .2,I see myself as someone who  [... has active imagination],0.8309943925237004
Which picture best describes the relationship between Pepper and your country? ,mean_personality_subj,0.8303273174774728
mean_personality_subj,Which picture best describes the relationship between Pepper and your country? ,0.8303273174774728
"Consider expectations toward Pepper robot and express how much do you agree with the properties attributed to it (scale: 0%-100%, scroll in to see all the options).  [Malfunction]","Consider expectations toward Pepper robot and express how much do you agree with the properties attributed to it (scale: 0%-100%, scroll in to see all the options).  [Have errors]",0.8280786712108249
"Consider expectations toward Pepper robot and express how much do you agree with the properties attributed to it (scale: 0%-100%, scroll in to see all the options).  [Have errors]","Consider expectations toward Pepper robot and express how much do you agree with the properties attributed to it (scale: 0%-100%, scroll in to see all the options).  [Malfunction]",0.8280786712108249
Please rate your impression of the robot you just interacted with by selecting a point on the scale between the two adjectives. There are no right or wrong answers. .2,coscientiousness,0.821964463489777
coscientiousness,Please rate your impression of the robot you just interacted with by selecting a point on the scale between the two adjectives. There are no right or wrong answers. .2,0.821964463489777
I see myself as someone who  [... does a thorough job],"Consider expectations toward Pepper robot and express how much do you agree with the properties attributed to it (scale: 0%-100%, scroll in to see all the options).  [Function successfully]",0.8181818181818186
"Consider expectations toward Pepper robot and express how much do you agree with the properties attributed to it (scale: 0%-100%, scroll in to see all the options).  [Function successfully]",I see myself as someone who  [... does a thorough job],0.8181818181818186
Which picture best describes the relationship between Pepper and your country? ,Which picture best describes your relationship with Italian or German Culture?,0.8181818181818182
Which picture best describes your relationship with Italian or German Culture?,Which picture best describes the relationship between Pepper and your country? ,0.8181818181818182
"Consider expectations toward Pepper robot and express how much do you agree with the properties attributed to it (scale: 0%-100%, scroll in to see all the options).  [Dependable]","Consider expectations toward Pepper robot and express how much do you agree with the properties attributed to it (scale: 0%-100%, scroll in to see all the options).  [Provide Feedback]",0.8181818181818181
"Consider expectations toward Pepper robot and express how much do you agree with the properties attributed to it (scale: 0%-100%, scroll in to see all the options).  [Predictable]","Consider expectations toward Pepper robot and express how much do you agree with the properties attributed to it (scale: 0%-100%, scroll in to see all the options).  [Provide Feedback]",0.8181818181818181
"Consider expectations toward Pepper robot and express how much do you agree with the properties attributed to it (scale: 0%-100%, scroll in to see all the options).  [Provide Feedback]","Consider expectations toward Pepper robot and express how much do you agree with the properties attributed to it (scale: 0%-100%, scroll in to see all the options).  [Dependable]",0.8181818181818181
"Consider expectations toward Pepper robot and express how much do you agree with the properties attributed to it (scale: 0%-100%, scroll in to see all the options).  [Provide Feedback]","Consider expectations toward Pepper robot and express how much do you agree with the properties attributed to it (scale: 0%-100%, scroll in to see all the options).  [Function successfully]",0.8181818181818181
"Consider expectations toward Pepper robot and express how much do you agree with the properties attributed to it (scale: 0%-100%, scroll in to see all the options).  [Function successfully]","Consider expectations toward Pepper robot and express how much do you agree with the properties attributed to it (scale: 0%-100%, scroll in to see all the options).  [Provide Feedback]",0.8181818181818181
"Consider expectations toward Pepper robot and express how much do you agree with the properties attributed to it (scale: 0%-100%, scroll in to see all the options).  [Provide Feedback]","Consider expectations toward Pepper robot and express how much do you agree with the properties attributed to it (scale: 0%-100%, scroll in to see all the options).  [Predictable]",0.8181818181818181
"Consider expectations toward Pepper robot and express how much do you agree with the properties attributed to it (scale: 0%-100%, scroll in to see all the options).  [Predictable]",I see myself as someone who  [... does a thorough job],0.818181818181818
I see myself as someone who  [... does a thorough job],"Consider expectations toward Pepper robot and express how much do you agree with the properties attributed to it (scale: 0%-100%, scroll in to see all the options).  [Predictable]",0.818181818181818
"Consider expectations toward Pepper robot and express how much do you agree with the properties attributed to it (scale: 0%-100%, scroll in to see all the options).  [Dependable]",I see myself as someone who  [... does a thorough job],0.818181818181818
I see myself as someone who  [... does a thorough job],"Consider expectations toward Pepper robot and express how much do you agree with the properties attributed to it (scale: 0%-100%, scroll in to see all the options).  [Dependable]",0.818181818181818
I see myself as someone who  [... has few artistic interests],"Consider expectations toward Pepper robot and express how much do you agree with the properties attributed to it (scale: 0%-100%, scroll in to see all the options).  [Provide appropriate information]",0.8164965809277264
"Consider expectations toward Pepper robot and express how much do you agree with the properties attributed to it (scale: 0%-100%, scroll in to see all the options).  [Provide appropriate information]",I see myself as someone who  [... has few artistic interests],0.8164965809277264
mean_cultural_closeness_subj,"Consider expectations toward Pepper robot and express how much do you agree with the properties attributed to it (scale: 0%-100%, scroll in to see all the options).  [Follow directions]",0.8164965809277263
"Consider expectations toward Pepper robot and express how much do you agree with the properties attributed to it (scale: 0%-100%, scroll in to see all the options).  [Follow directions]",mean_cultural_closeness_subj,0.8164965809277263
"Consider expectations toward Pepper robot and express how much do you agree with the properties attributed to it (scale: 0%-100%, scroll in to see all the options).  [Follow directions]",Please rate your impression of the robot you just interacted with by selecting a point on the scale between the two adjectives. There are no right or wrong answers. .4,0.8164965809277261
Please rate your impression of the robot you just interacted with by selecting a point on the scale between the two adjectives. There are no right or wrong answers. .4,"Consider expectations toward Pepper robot and express how much do you agree with the properties attributed to it (scale: 0%-100%, scroll in to see all the options).  [Follow directions]",0.8164965809277261
"Consider expectations toward Pepper robot and express how much do you agree with the properties attributed to it (scale: 0%-100%, scroll in to see all the options).  [Unresponsive]","I see myself as someone who  [... is ongoing, sociable]",0.8164965809277261
"I see myself as someone who  [... is ongoing, sociable]","Consider expectations toward Pepper robot and express how much do you agree with the properties attributed to it (scale: 0%-100%, scroll in to see all the options).  [Unresponsive]",0.8164965809277261
I see myself as someone who  [... has few artistic interests],"I see myself as someone who  [... is ongoing, sociable]",0.8164965809277261
"I see myself as someone who  [... is ongoing, sociable]",I see myself as someone who  [... has few artistic interests],0.8164965809277261
"Consider expectations toward Pepper robot and express how much do you agree with the properties attributed to it (scale: 0%-100%, scroll in to see all the options).  [Meet the needs of the mission]",Which picture best describes your relationship with Italy or Germany?,0.816496580927726
Which picture best describes your relationship with Italy or Germany?,"Consider expectations toward Pepper robot and express how much do you agree with the properties attributed to it (scale: 0%-100%, scroll in to see all the options).  [Meet the needs of the mission]",0.816496580927726
"Consider expectations toward Pepper robot and express how much do you agree with the properties attributed to it (scale: 0%-100%, scroll in to see all the options).  [Follow directions]",I see myself as someone who  [... is generally trusting],0.8164965809277257
I see myself as someone who  [... is generally trusting],"Consider expectations toward Pepper robot and express how much do you agree with the properties attributed to it (scale: 0%-100%, scroll in to see all the options).  [Follow directions]",0.8164965809277257
openness,"Consider expectations toward Pepper robot and express how much do you agree with the properties attributed to it (scale: 0%-100%, scroll in to see all the options).  [Have errors]",0.8143450710459553
"Consider expectations toward Pepper robot and express how much do you agree with the properties attributed to it (scale: 0%-100%, scroll in to see all the options).  [Have errors]",openness,0.8143450710459553
mean_personality_subj,"Consider expectations toward Pepper robot and express how much do you agree with the properties attributed to it (scale: 0%-100%, scroll in to see all the options).  [Act consistenly]",0.8140915784106958
"Consider expectations toward Pepper robot and express how much do you agree with the properties attributed to it (scale: 0%-100%, scroll in to see all the options).  [Act consistenly]",mean_personality_subj,0.8140915784106958
I see myself as someone who  [... has few artistic interests],mean_cultural_closeness,0.8117006711234114
mean_cultural_closeness,I see myself as someone who  [... has few artistic interests],0.8117006711234114
mean_trust_subj,I see myself as someone who  [... has active imagination],0.8108748672352505
I see myself as someone who  [... has active imagination],mean_trust_subj,0.8108748672352505
Which picture best describes the relationship between Pepper and your country? ,coscientiousness,0.8083672763401878
coscientiousness,Which picture best describes the relationship between Pepper and your country? ,0.8083672763401878
I see myself as someone who  [... has active imagination],Please rate your impression of the robot you just interacted with by selecting a point on the scale between the two adjectives. There are no right or wrong answers. .1,0.8064193829708236
Please rate your impression of the robot you just interacted with by selecting a point on the scale between the two adjectives. There are no right or wrong answers. .1,I see myself as someone who  [... has active imagination],0.8064193829708236
Which picture best describes the relationship between Pepper and your own preferences? ,"I see myself as someone who  [... is relaxed, handles stress well]",0.8046681428225175
"I see myself as someone who  [... is relaxed, handles stress well]",Which picture best describes the relationship between Pepper and your own preferences? ,0.8046681428225175
Please rate your impression of the robot you just interacted with by selecting a point on the scale between the two adjectives. There are no right or wrong answers. .3,"I see myself as someone who  [... is relaxed, handles stress well]",0.8046681428225174
"I see myself as someone who  [... is relaxed, handles stress well]",Please rate your impression of the robot you just interacted with by selecting a point on the scale between the two adjectives. There are no right or wrong answers. .3,0.8046681428225174
coscientiousness,Please rate your impression of the robot you just interacted with by selecting a point on the scale between the two adjectives. There are no right or wrong answers. .3,0.8036143754318459
Which picture best describes the relationship between Pepper and your own preferences? ,coscientiousness,0.8036143754318459
Please rate your impression of the robot you just interacted with by selecting a point on the scale between the two adjectives. There are no right or wrong answers. .3,coscientiousness,0.8036143754318459
coscientiousness,Which picture best describes the relationship between Pepper and your own preferences? ,0.8036143754318459
mean_personality_subj,"Consider expectations toward Pepper robot and express how much do you agree with the properties attributed to it (scale: 0%-100%, scroll in to see all the options).  [Dependable]",0.8021806287494243
"Consider expectations toward Pepper robot and express how much do you agree with the properties attributed to it (scale: 0%-100%, scroll in to see all the options).  [Dependable]",mean_personality_subj,0.8021806287494243
"Consider expectations toward Pepper robot and express how much do you agree with the properties attributed to it (scale: 0%-100%, scroll in to see all the options).  [Predictable]",mean_personality_subj,0.8021806287494243
mean_personality_subj,"Consider expectations toward Pepper robot and express how much do you agree with the properties attributed to it (scale: 0%-100%, scroll in to see all the options).  [Predictable]",0.8021806287494243
"Consider expectations toward Pepper robot and express how much do you agree with the properties attributed to it (scale: 0%-100%, scroll in to see all the options).  [Function successfully]",mean_personality_subj,0.8021806287494242
mean_personality_subj,"Consider expectations toward Pepper robot and express how much do you agree with the properties attributed to it (scale: 0%-100%, scroll in to see all the options).  [Function successfully]",0.8021806287494242
mean_trust_subj,extraversion,0.8008111769923096
extraversion,mean_trust_subj,0.8008111769923096
coscientiousness,mean_cultural_closeness_subj,0.8006407690254357
coscientiousness,"I see myself as someone who  [... is ongoing, sociable]",0.8006407690254357
I see myself as someone who  [... is generally trusting],coscientiousness,0.8006407690254357
"I see myself as someone who  [... is ongoing, sociable]",coscientiousness,0.8006407690254357
mean_cultural_closeness_subj,coscientiousness,0.8006407690254357
coscientiousness,I see myself as someone who  [... is generally trusting],0.8006407690254357
"Consider expectations toward Pepper robot and express how much do you agree with the properties attributed to it (scale: 0%-100%, scroll in to see all the options).  [Malfunction]",mean_personality_subj,-0.8003267306650419
mean_personality_subj,"Consider expectations toward Pepper robot and express how much do you agree with the properties attributed to it (scale: 0%-100%, scroll in to see all the options).  [Malfunction]",-0.8003267306650419
coscientiousness,Which picture best describes your relationship with Italian or German language?,-0.8006407690254357
Which picture best describes your relationship with Italian or German language?,coscientiousness,-0.8006407690254357
I see myself as someone who  [... has active imagination],"Consider expectations toward Pepper robot and express how much do you agree with the properties attributed to it (scale: 0%-100%, scroll in to see all the options).  [Perform exactly as instructed]",-0.8046681428225176
"Consider expectations toward Pepper robot and express how much do you agree with the properties attributed to it (scale: 0%-100%, scroll in to see all the options).  [Perform exactly as instructed]",I see myself as someone who  [... has active imagination],-0.8046681428225176
agreebleness,"Consider expectations toward Pepper robot and express how much do you agree with the properties attributed to it (scale: 0%-100%, scroll in to see all the options).  [Malfunction]",-0.8065992869067976
"Consider expectations toward Pepper robot and express how much do you agree with the properties attributed to it (scale: 0%-100%, scroll in to see all the options).  [Malfunction]",agreebleness,-0.8065992869067976
"Consider expectations toward Pepper robot and express how much do you agree with the properties attributed to it (scale: 0%-100%, scroll in to see all the options).  [Predictable]",mean_trust_subj,-0.8116245793402987
mean_trust_subj,"Consider expectations toward Pepper robot and express how much do you agree with the properties attributed to it (scale: 0%-100%, scroll in to see all the options).  [Dependable]",-0.8116245793402987
mean_trust_subj,"Consider expectations toward Pepper robot and express how much do you agree with the properties attributed to it (scale: 0%-100%, scroll in to see all the options).  [Predictable]",-0.8116245793402987
"Consider expectations toward Pepper robot and express how much do you agree with the properties attributed to it (scale: 0%-100%, scroll in to see all the options).  [Dependable]",mean_trust_subj,-0.8116245793402987
"Consider expectations toward Pepper robot and express how much do you agree with the properties attributed to it (scale: 0%-100%, scroll in to see all the options).  [Function successfully]",mean_trust_subj,-0.8116245793402989
mean_trust_subj,"Consider expectations toward Pepper robot and express how much do you agree with the properties attributed to it (scale: 0%-100%, scroll in to see all the options).  [Function successfully]",-0.8116245793402989
"Consider expectations toward Pepper robot and express how much do you agree with the properties attributed to it (scale: 0%-100%, scroll in to see all the options).  [Malfunction]",Which picture best describes your relationship with Italy or Germany?,-0.8164965809277261
I see myself as someone who  [... has few artistic interests],Which picture best describes your relationship with Italian or German language?,-0.8164965809277261
I see myself as someone who  [... tends to be lazy],"Consider expectations toward Pepper robot and express how much do you agree with the properties attributed to it (scale: 0%-100%, scroll in to see all the options).  [Unresponsive]",-0.8164965809277261
"Consider expectations toward Pepper robot and express how much do you agree with the properties attributed to it (scale: 0%-100%, scroll in to see all the options).  [Unresponsive]",Which picture best describes your relationship with Italian or German language?,-0.8164965809277261
Which picture best describes your relationship with Italy or Germany?,"Consider expectations toward Pepper robot and express how much do you agree with the properties attributed to it (scale: 0%-100%, scroll in to see all the options).  [Malfunction]",-0.8164965809277261
"Consider expectations toward Pepper robot and express how much do you agree with the properties attributed to it (scale: 0%-100%, scroll in to see all the options).  [Unresponsive]",I see myself as someone who  [... tends to be lazy],-0.8164965809277261
Which picture best describes your relationship with Italian or German language?,I see myself as someone who  [... has few artistic interests],-0.8164965809277261
Which picture best describes your relationship with Italian or German language?,"Consider expectations toward Pepper robot and express how much do you agree with the properties attributed to it (scale: 0%-100%, scroll in to see all the options).  [Unresponsive]",-0.8164965809277261
I see myself as someone who  [... tends to be lazy],Please rate your impression of the robot you just interacted with by selecting a point on the scale between the two adjectives. There are no right or wrong answers. ,-0.8206099398622181
Please rate your impression of the robot you just interacted with by selecting a point on the scale between the two adjectives. There are no right or wrong answers. ,I see myself as someone who  [... tends to be lazy],-0.8206099398622181
I see myself as someone who  [... tends to be lazy],mean_competence,-0.822329747006381
mean_competence,I see myself as someone who  [... tends to be lazy],-0.822329747006381
Please rate your impression of the robot you just interacted with by selecting a point on the scale between the two adjectives. There are no right or wrong answers. .1,I see myself as someone who  [... tends to be lazy],-0.8268106308031118
I see myself as someone who  [... tends to be lazy],Please rate your impression of the robot you just interacted with by selecting a point on the scale between the two adjectives. There are no right or wrong answers. .1,-0.8268106308031118
Which picture best describes your relationship with Italian or German Culture?,neuroticism,-0.8273792404018689
neuroticism,Which picture best describes your relationship with Italian or German Culture?,-0.8273792404018689
neuroticism,I see myself as someone who  [... has active imagination],-0.8309943925237004
I see myself as someone who  [... has active imagination],neuroticism,-0.8309943925237004
"I see myself as someone who  [... is relaxed, handles stress well]",I see myself as someone who  [... tends to be lazy],-0.8388704928078611
I see myself as someone who  [... tends to be lazy],"I see myself as someone who  [... is relaxed, handles stress well]",-0.8388704928078611
"Consider expectations toward Pepper robot and express how much do you agree with the properties attributed to it (scale: 0%-100%, scroll in to see all the options).  [Reliable]",I see myself as someone who  [... has active imagination],-0.8411910241920597
"Consider expectations toward Pepper robot and express how much do you agree with the properties attributed to it (scale: 0%-100%, scroll in to see all the options).  [Reliable]",openness,-0.8411910241920597
I see myself as someone who  [... has active imagination],"Consider expectations toward Pepper robot and express how much do you agree with the properties attributed to it (scale: 0%-100%, scroll in to see all the options).  [Reliable]",-0.8411910241920597
openness,"Consider expectations toward Pepper robot and express how much do you agree with the properties attributed to it (scale: 0%-100%, scroll in to see all the options).  [Reliable]",-0.8411910241920597
Which picture best describes your relationship with Italy or Germany?,"Consider expectations toward Pepper robot and express how much do you agree with the properties attributed to it (scale: 0%-100%, scroll in to see all the options).  [Have errors]",-0.8451542547285166
"Consider expectations toward Pepper robot and express how much do you agree with the properties attributed to it (scale: 0%-100%, scroll in to see all the options).  [Have errors]",Which picture best describes your relationship with Italy or Germany?,-0.8451542547285166
"Consider expectations toward Pepper robot and express how much do you agree with the properties attributed to it (scale: 0%-100%, scroll in to see all the options).  [Unresponsive]",I see myself as someone who  [... is reserved ],-0.8528028654224418
I see myself as someone who  [... is reserved ],"Consider expectations toward Pepper robot and express how much do you agree with the properties attributed to it (scale: 0%-100%, scroll in to see all the options).  [Unresponsive]",-0.8528028654224418
neuroticism,Which picture best describes the relationship between Pepper and your own preferences? ,-0.853683528824249
neuroticism,Please rate your impression of the robot you just interacted with by selecting a point on the scale between the two adjectives. There are no right or wrong answers. .3,-0.853683528824249
Please rate your impression of the robot you just interacted with by selecting a point on the scale between the two adjectives. There are no right or wrong answers. .3,neuroticism,-0.853683528824249
Which picture best describes the relationship between Pepper and your own preferences? ,neuroticism,-0.853683528824249
I see myself as someone who  [... get nervous easily],"Consider expectations toward Pepper robot and express how much do you agree with the properties attributed to it (scale: 0%-100%, scroll in to see all the options).  [Unresponsive]",-0.8660254037844386
"Consider expectations toward Pepper robot and express how much do you agree with the properties attributed to it (scale: 0%-100%, scroll in to see all the options).  [Unresponsive]",I see myself as someone who  [... get nervous easily],-0.8660254037844386
"Consider expectations toward Pepper robot and express how much do you agree with the properties attributed to it (scale: 0%-100%, scroll in to see all the options).  [Follow directions]","Consider expectations toward Pepper robot and express how much do you agree with the properties attributed to it (scale: 0%-100%, scroll in to see all the options).  [Malfunction]",-0.8660254037844387
"Consider expectations toward Pepper robot and express how much do you agree with the properties attributed to it (scale: 0%-100%, scroll in to see all the options).  [Malfunction]","Consider expectations toward Pepper robot and express how much do you agree with the properties attributed to it (scale: 0%-100%, scroll in to see all the options).  [Follow directions]",-0.8660254037844387
I see myself as someone who  [... has few artistic interests],I see myself as someone who  [... get nervous easily],-0.8660254037844388
I see myself as someone who  [... get nervous easily],I see myself as someone who  [... has few artistic interests],-0.8660254037844388
mean_trust_subj,"Consider expectations toward Pepper robot and express how much do you agree with the properties attributed to it (scale: 0%-100%, scroll in to see all the options).  [Act consistenly]",-0.8662369267465831
"Consider expectations toward Pepper robot and express how much do you agree with the properties attributed to it (scale: 0%-100%, scroll in to see all the options).  [Act consistenly]",mean_trust_subj,-0.8662369267465831
"Consider expectations toward Pepper robot and express how much do you agree with the properties attributed to it (scale: 0%-100%, scroll in to see all the options).  [Have errors]","Consider expectations toward Pepper robot and express how much do you agree with the properties attributed to it (scale: 0%-100%, scroll in to see all the options).  [Provide Feedback]",-0.8664002254439632
"Consider expectations toward Pepper robot and express how much do you agree with the properties attributed to it (scale: 0%-100%, scroll in to see all the options).  [Provide Feedback]","Consider expectations toward Pepper robot and express how much do you agree with the properties attributed to it (scale: 0%-100%, scroll in to see all the options).  [Have errors]",-0.8664002254439632
I see myself as someone who  [... does a thorough job],"Consider expectations toward Pepper robot and express how much do you agree with the properties attributed to it (scale: 0%-100%, scroll in to see all the options).  [Have errors]",-0.8664002254439634
"Consider expectations toward Pepper robot and express how much do you agree with the properties attributed to it (scale: 0%-100%, scroll in to see all the options).  [Have errors]",I see myself as someone who  [... does a thorough job],-0.8664002254439634
"Consider expectations toward Pepper robot and express how much do you agree with the properties attributed to it (scale: 0%-100%, scroll in to see all the options).  [Meet the needs of the mission]",mean_trust_subj,-0.8672108473669113
mean_trust_subj,"Consider expectations toward Pepper robot and express how much do you agree with the properties attributed to it (scale: 0%-100%, scroll in to see all the options).  [Meet the needs of the mission]",-0.8672108473669113
Which picture best describes your relationship with Italian or German Culture?,Which picture best describes your relationship with Italian or German language?,-0.8703882797784891
I see myself as someone who  [... get nervous easily],Please rate your impression of the robot you just interacted with by selecting a point on the scale between the two adjectives. There are no right or wrong answers. ,-0.8703882797784891
Which picture best describes your relationship with Italian or German language?,Which picture best describes your relationship with Italian or German Culture?,-0.8703882797784891
Please rate your impression of the robot you just interacted with by selecting a point on the scale between the two adjectives. There are no right or wrong answers. ,I see myself as someone who  [... get nervous easily],-0.8703882797784891
Which picture best describes the relationship between Pepper and your national culture? ,I see myself as someone who  [... tends to be lazy],-0.8703882797784892
I see myself as someone who  [... tends to be lazy],Which picture best describes the relationship between Pepper and your national culture? ,-0.8703882797784892
Which picture best describes the relationship between Pepper and your own preferences? ,I see myself as someone who  [... get nervous easily],-0.8716019289105665
Please rate your impression of the robot you just interacted with by selecting a point on the scale between the two adjectives. There are no right or wrong answers. .3,I see myself as someone who  [... get nervous easily],-0.8716019289105665
I see myself as someone who  [... get nervous easily],Please rate your impression of the robot you just interacted with by selecting a point on the scale between the two adjectives. There are no right or wrong answers. .5,-0.8716019289105665
I see myself as someone who  [... get nervous easily],Please rate your impression of the robot you just interacted with by selecting a point on the scale between the two adjectives. There are no right or wrong answers. .3,-0.8716019289105665
I see myself as someone who  [... get nervous easily],Which picture best describes the relationship between Pepper and your own preferences? ,-0.8716019289105665
Please rate your impression of the robot you just interacted with by selecting a point on the scale between the two adjectives. There are no right or wrong answers. .5,I see myself as someone who  [... get nervous easily],-0.8716019289105665
"Consider expectations toward Pepper robot and express how much do you agree with the properties attributed to it (scale: 0%-100%, scroll in to see all the options).  [Have errors]",Please rate your impression of the robot you just interacted with by selecting a point on the scale between the two adjectives. There are no right or wrong answers. .4,-0.8783100656536798
Please rate your impression of the robot you just interacted with by selecting a point on the scale between the two adjectives. There are no right or wrong answers. .4,"Consider expectations toward Pepper robot and express how much do you agree with the properties attributed to it (scale: 0%-100%, scroll in to see all the options).  [Have errors]",-0.8783100656536798
"Consider expectations toward Pepper robot and express how much do you agree with the properties attributed to it (scale: 0%-100%, scroll in to see all the options).  [Perform exactly as instructed]",mean_trust_subj,-0.8852606212024432
mean_trust_subj,"Consider expectations toward Pepper robot and express how much do you agree with the properties attributed to it (scale: 0%-100%, scroll in to see all the options).  [Perform exactly as instructed]",-0.8852606212024432
Please rate your impression of the robot you just interacted with by selecting a point on the scale between the two adjectives. There are no right or wrong answers. ,neuroticism,-0.8892691166817271
neuroticism,Please rate your impression of the robot you just interacted with by selecting a point on the scale between the two adjectives. There are no right or wrong answers. ,-0.8892691166817271
neuroticism,Which picture best describes the relationship between Pepper and your country? ,-0.8935695796340184
Which picture best describes the relationship between Pepper and your country? ,neuroticism,-0.8935695796340184
I see myself as someone who  [... get nervous easily],mean_competence,-0.8956050807387406
mean_competence,I see myself as someone who  [... get nervous easily],-0.8956050807387406
Please rate your impression of the robot you just interacted with by selecting a point on the scale between the two adjectives. There are no right or wrong answers. .2,I see myself as someone who  [... get nervous easily],-0.8962214298964417
I see myself as someone who  [... get nervous easily],Please rate your impression of the robot you just interacted with by selecting a point on the scale between the two adjectives. There are no right or wrong answers. .2,-0.8962214298964417
"Consider expectations toward Pepper robot and express how much do you agree with the properties attributed to it (scale: 0%-100%, scroll in to see all the options).  [Function successfully]",openness,-0.8992288030258969
openness,"Consider expectations toward Pepper robot and express how much do you agree with the properties attributed to it (scale: 0%-100%, scroll in to see all the options).  [Function successfully]",-0.8992288030258969
I see myself as someone who  [... has active imagination],I see myself as someone who  [... is reserved ],-0.899228803025897
"Consider expectations toward Pepper robot and express how much do you agree with the properties attributed to it (scale: 0%-100%, scroll in to see all the options).  [Dependable]",openness,-0.899228803025897
openness,"Consider expectations toward Pepper robot and express how much do you agree with the properties attributed to it (scale: 0%-100%, scroll in to see all the options).  [Predictable]",-0.899228803025897
openness,"Consider expectations toward Pepper robot and express how much do you agree with the properties attributed to it (scale: 0%-100%, scroll in to see all the options).  [Dependable]",-0.899228803025897
I see myself as someone who  [... is reserved ],I see myself as someone who  [... has active imagination],-0.899228803025897
"Consider expectations toward Pepper robot and express how much do you agree with the properties attributed to it (scale: 0%-100%, scroll in to see all the options).  [Predictable]",openness,-0.899228803025897
Which picture best describes the relationship between Pepper and your national culture? ,I see myself as someone who  [... get nervous easily],-0.9026709338484399
I see myself as someone who  [... get nervous easily],Which picture best describes the relationship between Pepper and your country? ,-0.9026709338484399
I see myself as someone who  [... get nervous easily],Which picture best describes the relationship between Pepper and your national culture? ,-0.9026709338484399
Which picture best describes the relationship between Pepper and your country? ,I see myself as someone who  [... get nervous easily],-0.9026709338484399
I see myself as someone who  [... get nervous easily],mean_cultural_closeness,-0.9060288285507024
mean_cultural_closeness,I see myself as someone who  [... get nervous easily],-0.9060288285507024
I see myself as someone who  [... tends to be lazy],coscientiousness,-0.9073928715621603
coscientiousness,I see myself as someone who  [... tends to be lazy],-0.9073928715621603
I see myself as someone who  [... tends to be lazy],Please rate your impression of the robot you just interacted with by selecting a point on the scale between the two adjectives. There are no right or wrong answers. .2,-0.9083380924184182
Please rate your impression of the robot you just interacted with by selecting a point on the scale between the two adjectives. There are no right or wrong answers. .2,I see myself as someone who  [... tends to be lazy],-0.9083380924184182
Please rate your impression of the robot you just interacted with by selecting a point on the scale between the two adjectives. There are no right or wrong answers. .5,I see myself as someone who  [... tends to be lazy],-0.9097992698698114
I see myself as someone who  [... tends to be lazy],Please rate your impression of the robot you just interacted with by selecting a point on the scale between the two adjectives. There are no right or wrong answers. .5,-0.9097992698698114
mean_cultural_closeness,neuroticism,-0.9114027524404686
neuroticism,mean_cultural_closeness,-0.9114027524404686
I see myself as someone who  [... get nervous easily],extraversion,-0.9128709291752769
"Consider expectations toward Pepper robot and express how much do you agree with the properties attributed to it (scale: 0%-100%, scroll in to see all the options).  [Act consistenly]","Consider expectations toward Pepper robot and express how much do you agree with the properties attributed to it (scale: 0%-100%, scroll in to see all the options).  [Malfunction]",-0.9128709291752769
"Consider expectations toward Pepper robot and express how much do you agree with the properties attributed to it (scale: 0%-100%, scroll in to see all the options).  [Malfunction]","Consider expectations toward Pepper robot and express how much do you agree with the properties attributed to it (scale: 0%-100%, scroll in to see all the options).  [Act consistenly]",-0.9128709291752769
extraversion,I see myself as someone who  [... get nervous easily],-0.9128709291752769
mean_competence,neuroticism,-0.9146735311250056
neuroticism,mean_competence,-0.9146735311250056
Please rate your impression of the robot you just interacted with by selecting a point on the scale between the two adjectives. There are no right or wrong answers. .5,neuroticism,-0.9206390997124254
neuroticism,Please rate your impression of the robot you just interacted with by selecting a point on the scale between the two adjectives. There are no right or wrong answers. .5,-0.9206390997124254
Which picture best describes your relationship with Italian or German language?,"I see myself as someone who  [... is relaxed, handles stress well]",-0.9271726499455305
"I see myself as someone who  [... is relaxed, handles stress well]",Which picture best describes your relationship with Italian or German language?,-0.9271726499455305
neuroticism,"Consider expectations toward Pepper robot and express how much do you agree with the properties attributed to it (scale: 0%-100%, scroll in to see all the options).  [Unresponsive]",-0.9313806308475994
"Consider expectations toward Pepper robot and express how much do you agree with the properties attributed to it (scale: 0%-100%, scroll in to see all the options).  [Unresponsive]",neuroticism,-0.9313806308475994
extraversion,neuroticism,-0.9326733179802504
neuroticism,extraversion,-0.9326733179802504
agreebleness,I see myself as someone who  [... tends to find fault with others],-0.9326733179802505
I see myself as someone who  [... tends to find fault with others],agreebleness,-0.9326733179802505
I see myself as someone who  [... get nervous easily],"I see myself as someone who  [... is relaxed, handles stress well]",-0.9365858115816939
"I see myself as someone who  [... is relaxed, handles stress well]",I see myself as someone who  [... get nervous easily],-0.9365858115816939
openness,"Consider expectations toward Pepper robot and express how much do you agree with the properties attributed to it (scale: 0%-100%, scroll in to see all the options).  [Meet the needs of the mission]",-0.9365858115816942
"Consider expectations toward Pepper robot and express how much do you agree with the properties attributed to it (scale: 0%-100%, scroll in to see all the options).  [Meet the needs of the mission]",openness,-0.9365858115816942
neuroticism,Which picture best describes the relationship between Pepper and your national culture? ,-0.9376964724554514
Which picture best describes the relationship between Pepper and your national culture? ,neuroticism,-0.9376964724554514
I see myself as someone who  [... is generally trusting],"Consider expectations toward Pepper robot and express how much do you agree with the properties attributed to it (scale: 0%-100%, scroll in to see all the options).  [Malfunction]",-0.9428090415820632
"Consider expectations toward Pepper robot and express how much do you agree with the properties attributed to it (scale: 0%-100%, scroll in to see all the options).  [Malfunction]",I see myself as someone who  [... is generally trusting],-0.9428090415820632
Please rate your impression of the robot you just interacted with by selecting a point on the scale between the two adjectives. There are no right or wrong answers. .4,"Consider expectations toward Pepper robot and express how much do you agree with the properties attributed to it (scale: 0%-100%, scroll in to see all the options).  [Malfunction]",-0.9428090415820632
"Consider expectations toward Pepper robot and express how much do you agree with the properties attributed to it (scale: 0%-100%, scroll in to see all the options).  [Malfunction]",Please rate your impression of the robot you just interacted with by selecting a point on the scale between the two adjectives. There are no right or wrong answers. .4,-0.9428090415820632
"I see myself as someone who  [... is ongoing, sociable]",I see myself as someone who  [... get nervous easily],-0.9428090415820635
I see myself as someone who  [... get nervous easily],"I see myself as someone who  [... is ongoing, sociable]",-0.9428090415820635
mean_cultural_closeness_subj,"Consider expectations toward Pepper robot and express how much do you agree with the properties attributed to it (scale: 0%-100%, scroll in to see all the options).  [Malfunction]",-0.9428090415820645
"Consider expectations toward Pepper robot and express how much do you agree with the properties attributed to it (scale: 0%-100%, scroll in to see all the options).  [Malfunction]",mean_cultural_closeness_subj,-0.9428090415820645
I see myself as someone who  [... is reserved ],extraversion,-0.9438798074485389
extraversion,I see myself as someone who  [... is reserved ],-0.9438798074485389
"Consider expectations toward Pepper robot and express how much do you agree with the properties attributed to it (scale: 0%-100%, scroll in to see all the options).  [Perform exactly as instructed]",openness,-0.9446104285307813
openness,"Consider expectations toward Pepper robot and express how much do you agree with the properties attributed to it (scale: 0%-100%, scroll in to see all the options).  [Perform exactly as instructed]",-0.9446104285307813
neuroticism,"I see myself as someone who  [... is ongoing, sociable]",-0.9505863757867169
Please rate your impression of the robot you just interacted with by selecting a point on the scale between the two adjectives. There are no right or wrong answers. .2,Which picture best describes your relationship with Italian or German language?,-0.9505863757867169
"I see myself as someone who  [... is ongoing, sociable]",neuroticism,-0.9505863757867169
Which picture best describes your relationship with Italian or German language?,Please rate your impression of the robot you just interacted with by selecting a point on the scale between the two adjectives. There are no right or wrong answers. .2,-0.9505863757867169
Please rate your impression of the robot you just interacted with by selecting a point on the scale between the two adjectives. There are no right or wrong answers. .2,neuroticism,-0.9518072289156626
neuroticism,Please rate your impression of the robot you just interacted with by selecting a point on the scale between the two adjectives. There are no right or wrong answers. .2,-0.9518072289156626
mean_trust_subj,I see myself as someone who  [... is reserved ],-0.9527766800951333
I see myself as someone who  [... is reserved ],mean_trust_subj,-0.9527766800951333
"Consider expectations toward Pepper robot and express how much do you agree with the properties attributed to it (scale: 0%-100%, scroll in to see all the options).  [Have errors]","Consider expectations toward Pepper robot and express how much do you agree with the properties attributed to it (scale: 0%-100%, scroll in to see all the options).  [Perform exactly as instructed]",-0.9537476351189641
"Consider expectations toward Pepper robot and express how much do you agree with the properties attributed to it (scale: 0%-100%, scroll in to see all the options).  [Perform exactly as instructed]","Consider expectations toward Pepper robot and express how much do you agree with the properties attributed to it (scale: 0%-100%, scroll in to see all the options).  [Have errors]",-0.9537476351189641
"Consider expectations toward Pepper robot and express how much do you agree with the properties attributed to it (scale: 0%-100%, scroll in to see all the options).  [Follow directions]","Consider expectations toward Pepper robot and express how much do you agree with the properties attributed to it (scale: 0%-100%, scroll in to see all the options).  [Have errors]",-0.9561828874675151
"Consider expectations toward Pepper robot and express how much do you agree with the properties attributed to it (scale: 0%-100%, scroll in to see all the options).  [Have errors]","Consider expectations toward Pepper robot and express how much do you agree with the properties attributed to it (scale: 0%-100%, scroll in to see all the options).  [Follow directions]",-0.9561828874675151
I see myself as someone who  [... get nervous easily],Please rate your impression of the robot you just interacted with by selecting a point on the scale between the two adjectives. There are no right or wrong answers. .1,-0.956689206214921
Please rate your impression of the robot you just interacted with by selecting a point on the scale between the two adjectives. There are no right or wrong answers. .1,I see myself as someone who  [... get nervous easily],-0.956689206214921
"Consider expectations toward Pepper robot and express how much do you agree with the properties attributed to it (scale: 0%-100%, scroll in to see all the options).  [Have errors]","Consider expectations toward Pepper robot and express how much do you agree with the properties attributed to it (scale: 0%-100%, scroll in to see all the options).  [Reliable]",-0.9578414886923188
"Consider expectations toward Pepper robot and express how much do you agree with the properties attributed to it (scale: 0%-100%, scroll in to see all the options).  [Reliable]","Consider expectations toward Pepper robot and express how much do you agree with the properties attributed to it (scale: 0%-100%, scroll in to see all the options).  [Have errors]",-0.9578414886923188
"Consider expectations toward Pepper robot and express how much do you agree with the properties attributed to it (scale: 0%-100%, scroll in to see all the options).  [Meet the needs of the mission]","Consider expectations toward Pepper robot and express how much do you agree with the properties attributed to it (scale: 0%-100%, scroll in to see all the options).  [Have errors]",-0.9660917830792959
"Consider expectations toward Pepper robot and express how much do you agree with the properties attributed to it (scale: 0%-100%, scroll in to see all the options).  [Have errors]","Consider expectations toward Pepper robot and express how much do you agree with the properties attributed to it (scale: 0%-100%, scroll in to see all the options).  [Meet the needs of the mission]",-0.9660917830792959
mean_trust_subj,"Consider expectations toward Pepper robot and express how much do you agree with the properties attributed to it (scale: 0%-100%, scroll in to see all the options).  [Follow directions]",-0.9682657304472664
"Consider expectations toward Pepper robot and express how much do you agree with the properties attributed to it (scale: 0%-100%, scroll in to see all the options).  [Follow directions]",mean_trust_subj,-0.9682657304472664
"Consider expectations toward Pepper robot and express how much do you agree with the properties attributed to it (scale: 0%-100%, scroll in to see all the options).  [Have errors]","Consider expectations toward Pepper robot and express how much do you agree with the properties attributed to it (scale: 0%-100%, scroll in to see all the options).  [Function successfully]",-0.9683296637314882
"Consider expectations toward Pepper robot and express how much do you agree with the properties attributed to it (scale: 0%-100%, scroll in to see all the options).  [Function successfully]","Consider expectations toward Pepper robot and express how much do you agree with the properties attributed to it (scale: 0%-100%, scroll in to see all the options).  [Have errors]",-0.9683296637314882
"Consider expectations toward Pepper robot and express how much do you agree with the properties attributed to it (scale: 0%-100%, scroll in to see all the options).  [Predictable]","Consider expectations toward Pepper robot and express how much do you agree with the properties attributed to it (scale: 0%-100%, scroll in to see all the options).  [Have errors]",-0.9683296637314885
"Consider expectations toward Pepper robot and express how much do you agree with the properties attributed to it (scale: 0%-100%, scroll in to see all the options).  [Dependable]","Consider expectations toward Pepper robot and express how much do you agree with the properties attributed to it (scale: 0%-100%, scroll in to see all the options).  [Have errors]",-0.9683296637314885
"Consider expectations toward Pepper robot and express how much do you agree with the properties attributed to it (scale: 0%-100%, scroll in to see all the options).  [Have errors]","Consider expectations toward Pepper robot and express how much do you agree with the properties attributed to it (scale: 0%-100%, scroll in to see all the options).  [Dependable]",-0.9683296637314885
"Consider expectations toward Pepper robot and express how much do you agree with the properties attributed to it (scale: 0%-100%, scroll in to see all the options).  [Have errors]","Consider expectations toward Pepper robot and express how much do you agree with the properties attributed to it (scale: 0%-100%, scroll in to see all the options).  [Predictable]",-0.9683296637314885
Which picture best describes your relationship with Italian or German language?,Please rate your impression of the robot you just interacted with by selecting a point on the scale between the two adjectives. There are no right or wrong answers. .3,-0.9684959969581862
Please rate your impression of the robot you just interacted with by selecting a point on the scale between the two adjectives. There are no right or wrong answers. .3,Which picture best describes your relationship with Italian or German language?,-0.9684959969581862
Please rate your impression of the robot you just interacted with by selecting a point on the scale between the two adjectives. There are no right or wrong answers. .5,Which picture best describes your relationship with Italian or German language?,-0.9684959969581862
Which picture best describes your relationship with Italian or German language?,Please rate your impression of the robot you just interacted with by selecting a point on the scale between the two adjectives. There are no right or wrong answers. .5,-0.9684959969581862
Which picture best describes your relationship with Italian or German language?,Which picture best describes the relationship between Pepper and your own preferences? ,-0.9684959969581863
Which picture best describes the relationship between Pepper and your own preferences? ,Which picture best describes your relationship with Italian or German language?,-0.9684959969581863
mean_trust_subj,"Consider expectations toward Pepper robot and express how much do you agree with the properties attributed to it (scale: 0%-100%, scroll in to see all the options).  [Reliable]",-0.9753094928629739
"Consider expectations toward Pepper robot and express how much do you agree with the properties attributed to it (scale: 0%-100%, scroll in to see all the options).  [Reliable]",mean_trust_subj,-0.9753094928629739
Please rate your impression of the robot you just interacted with by selecting a point on the scale between the two adjectives. There are no right or wrong answers. .1,Which picture best describes your relationship with Italian or German language?,-0.9771398364036775
Which picture best describes your relationship with Italian or German language?,Please rate your impression of the robot you just interacted with by selecting a point on the scale between the two adjectives. There are no right or wrong answers. .1,-0.9771398364036775
neuroticism,"I see myself as someone who  [... is relaxed, handles stress well]",-0.9820842820734641
"I see myself as someone who  [... is relaxed, handles stress well]",neuroticism,-0.9820842820734641
"Consider expectations toward Pepper robot and express how much do you agree with the properties attributed to it (scale: 0%-100%, scroll in to see all the options).  [Have errors]","Consider expectations toward Pepper robot and express how much do you agree with the properties attributed to it (scale: 0%-100%, scroll in to see all the options).  [Act consistenly]",-0.982707629823991
"Consider expectations toward Pepper robot and express how much do you agree with the properties attributed to it (scale: 0%-100%, scroll in to see all the options).  [Act consistenly]","Consider expectations toward Pepper robot and express how much do you agree with the properties attributed to it (scale: 0%-100%, scroll in to see all the options).  [Have errors]",-0.982707629823991
Which picture best describes your relationship with Italian or German language?,Please rate your impression of the robot you just interacted with by selecting a point on the scale between the two adjectives. There are no right or wrong answers. ,-0.9847319278346618
"Consider expectations toward Pepper robot and express how much do you agree with the properties attributed to it (scale: 0%-100%, scroll in to see all the options).  [Provide Feedback]","Consider expectations toward Pepper robot and express how much do you agree with the properties attributed to it (scale: 0%-100%, scroll in to see all the options).  [Malfunction]",-0.9847319278346618
"Consider expectations toward Pepper robot and express how much do you agree with the properties attributed to it (scale: 0%-100%, scroll in to see all the options).  [Malfunction]",I see myself as someone who  [... does a thorough job],-0.9847319278346618
"Consider expectations toward Pepper robot and express how much do you agree with the properties attributed to it (scale: 0%-100%, scroll in to see all the options).  [Malfunction]","Consider expectations toward Pepper robot and express how much do you agree with the properties attributed to it (scale: 0%-100%, scroll in to see all the options).  [Provide Feedback]",-0.9847319278346618
I see myself as someone who  [... does a thorough job],"Consider expectations toward Pepper robot and express how much do you agree with the properties attributed to it (scale: 0%-100%, scroll in to see all the options).  [Malfunction]",-0.9847319278346618
Please rate your impression of the robot you just interacted with by selecting a point on the scale between the two adjectives. There are no right or wrong answers. ,Which picture best describes your relationship with Italian or German language?,-0.9847319278346618
neuroticism,Please rate your impression of the robot you just interacted with by selecting a point on the scale between the two adjectives. There are no right or wrong answers. .1,-0.9860161736144927
Please rate your impression of the robot you just interacted with by selecting a point on the scale between the two adjectives. There are no right or wrong answers. .1,neuroticism,-0.9860161736144927
Which picture best describes your relationship with Italian or German Culture?,I see myself as someone who  [... tends to be lazy],-0.9864400504156209
Which picture best describes the relationship between Pepper and your national culture? ,Which picture best describes your relationship with Italian or German language?,-0.9864400504156209
I see myself as someone who  [... tends to be lazy],Which picture best describes your relationship with Italian or German Culture?,-0.9864400504156209
Which picture best describes your relationship with Italian or German language?,Which picture best describes the relationship between Pepper and your national culture? ,-0.9864400504156209
Which picture best describes your relationship with Italian or German language?,Which picture best describes the relationship between Pepper and your country? ,-0.9864400504156209
Which picture best describes the relationship between Pepper and your country? ,Which picture best describes your relationship with Italian or German language?,-0.9864400504156209
Which picture best describes your relationship with Italian or German language?,mean_competence,-0.9924669360421842
mean_competence,Which picture best describes your relationship with Italian or German language?,-0.9924669360421842
mean_cultural_closeness,Which picture best describes your relationship with Italian or German language?,-0.9941262340635089
Which picture best describes your relationship with Italian or German language?,mean_cultural_closeness,-0.9941262340635089
"I see myself as someone who  [... is ongoing, sociable]",Which picture best describes your relationship with Italian or German language?,-1.0
Which picture best describes your relationship with Italian or German language?,"I see myself as someone who  [... is ongoing, sociable]",-1.0
