,,0
"Consider expectations toward Pepper robot and express how much do you agree with the properties attributed to it (scale: 0%-100%, scroll in to see all the options).  [Function successfully]","Consider expectations toward Pepper robot and express how much do you agree with the properties attributed to it (scale: 0%-100%, scroll in to see all the options).  [Dependable]",0.9999999999999998
"Consider expectations toward Pepper robot and express how much do you agree with the properties attributed to it (scale: 0%-100%, scroll in to see all the options).  [Function successfully]","Consider expectations toward Pepper robot and express how much do you agree with the properties attributed to it (scale: 0%-100%, scroll in to see all the options).  [Predictable]",0.9999999999999998
"Consider expectations toward Pepper robot and express how much do you agree with the properties attributed to it (scale: 0%-100%, scroll in to see all the options).  [Predictable]","Consider expectations toward Pepper robot and express how much do you agree with the properties attributed to it (scale: 0%-100%, scroll in to see all the options).  [Function successfully]",0.9999999999999998
"Consider expectations toward Pepper robot and express how much do you agree with the properties attributed to it (scale: 0%-100%, scroll in to see all the options).  [Dependable]","Consider expectations toward Pepper robot and express how much do you agree with the properties attributed to it (scale: 0%-100%, scroll in to see all the options).  [Function successfully]",0.9999999999999998
"Consider expectations toward Pepper robot and express how much do you agree with the properties attributed to it (scale: 0%-100%, scroll in to see all the options).  [Meet the needs of the mission]","Consider expectations toward Pepper robot and express how much do you agree with the properties attributed to it (scale: 0%-100%, scroll in to see all the options).  [Perform exactly as instructed]",0.9961164901835046
"Consider expectations toward Pepper robot and express how much do you agree with the properties attributed to it (scale: 0%-100%, scroll in to see all the options).  [Perform exactly as instructed]","Consider expectations toward Pepper robot and express how much do you agree with the properties attributed to it (scale: 0%-100%, scroll in to see all the options).  [Meet the needs of the mission]",0.9961164901835046
Which picture best describes the relationship between Pepper and your national culture? ,Which picture best describes the relationship between Pepper and your country? ,0.9941348467724342
Which picture best describes the relationship between Pepper and your country? ,Which picture best describes the relationship between Pepper and your national culture? ,0.9941348467724342
I see myself as someone who  [... get nervous easily],neuroticism,0.9858435728860858
neuroticism,I see myself as someone who  [... get nervous easily],0.9858435728860858
"Consider expectations toward Pepper robot and express how much do you agree with the properties attributed to it (scale: 0%-100%, scroll in to see all the options).  [Meet the needs of the mission]","Consider expectations toward Pepper robot and express how much do you agree with the properties attributed to it (scale: 0%-100%, scroll in to see all the options).  [Predictable]",0.9847319278346618
"Consider expectations toward Pepper robot and express how much do you agree with the properties attributed to it (scale: 0%-100%, scroll in to see all the options).  [Dependable]","Consider expectations toward Pepper robot and express how much do you agree with the properties attributed to it (scale: 0%-100%, scroll in to see all the options).  [Meet the needs of the mission]",0.9847319278346618
"Consider expectations toward Pepper robot and express how much do you agree with the properties attributed to it (scale: 0%-100%, scroll in to see all the options).  [Predictable]","Consider expectations toward Pepper robot and express how much do you agree with the properties attributed to it (scale: 0%-100%, scroll in to see all the options).  [Meet the needs of the mission]",0.9847319278346618
"Consider expectations toward Pepper robot and express how much do you agree with the properties attributed to it (scale: 0%-100%, scroll in to see all the options).  [Meet the needs of the mission]","Consider expectations toward Pepper robot and express how much do you agree with the properties attributed to it (scale: 0%-100%, scroll in to see all the options).  [Dependable]",0.9847319278346618
"Consider expectations toward Pepper robot and express how much do you agree with the properties attributed to it (scale: 0%-100%, scroll in to see all the options).  [Function successfully]","Consider expectations toward Pepper robot and express how much do you agree with the properties attributed to it (scale: 0%-100%, scroll in to see all the options).  [Meet the needs of the mission]",0.9847319278346615
"Consider expectations toward Pepper robot and express how much do you agree with the properties attributed to it (scale: 0%-100%, scroll in to see all the options).  [Meet the needs of the mission]","Consider expectations toward Pepper robot and express how much do you agree with the properties attributed to it (scale: 0%-100%, scroll in to see all the options).  [Function successfully]",0.9847319278346615
Which picture best describes your relationship with Italy or Germany?,mean_personality_subj,0.9801960588196075
mean_personality_subj,Which picture best describes your relationship with Italy or Germany?,0.9801960588196075
"I see myself as someone who  [... is relaxed, handles stress well]","Consider expectations toward Pepper robot and express how much do you agree with the properties attributed to it (scale: 0%-100%, scroll in to see all the options).  [Unresponsive]",0.9733285267845754
"Consider expectations toward Pepper robot and express how much do you agree with the properties attributed to it (scale: 0%-100%, scroll in to see all the options).  [Unresponsive]","I see myself as someone who  [... is relaxed, handles stress well]",0.9733285267845754
I see myself as someone who  [... has active imagination],"Consider expectations toward Pepper robot and express how much do you agree with the properties attributed to it (scale: 0%-100%, scroll in to see all the options).  [Unresponsive]",0.9733285267845752
"Consider expectations toward Pepper robot and express how much do you agree with the properties attributed to it (scale: 0%-100%, scroll in to see all the options).  [Unresponsive]",I see myself as someone who  [... has active imagination],0.9733285267845752
Please rate your impression of the robot you just interacted with by selecting a point on the scale between the two adjectives. There are no right or wrong answers. .4,mean_competence,0.971410615362311
mean_competence,Please rate your impression of the robot you just interacted with by selecting a point on the scale between the two adjectives. There are no right or wrong answers. .4,0.971410615362311
Please rate your impression of the robot you just interacted with by selecting a point on the scale between the two adjectives. There are no right or wrong answers. ,"Consider expectations toward Pepper robot and express how much do you agree with the properties attributed to it (scale: 0%-100%, scroll in to see all the options).  [Perform exactly as instructed]",0.9684959969581861
"Consider expectations toward Pepper robot and express how much do you agree with the properties attributed to it (scale: 0%-100%, scroll in to see all the options).  [Perform exactly as instructed]",Please rate your impression of the robot you just interacted with by selecting a point on the scale between the two adjectives. There are no right or wrong answers. ,0.9684959969581861
"Consider expectations toward Pepper robot and express how much do you agree with the properties attributed to it (scale: 0%-100%, scroll in to see all the options).  [Perform exactly as instructed]","Consider expectations toward Pepper robot and express how much do you agree with the properties attributed to it (scale: 0%-100%, scroll in to see all the options).  [Reliable]",0.9658242787731627
"Consider expectations toward Pepper robot and express how much do you agree with the properties attributed to it (scale: 0%-100%, scroll in to see all the options).  [Reliable]","Consider expectations toward Pepper robot and express how much do you agree with the properties attributed to it (scale: 0%-100%, scroll in to see all the options).  [Perform exactly as instructed]",0.9658242787731627
"Consider expectations toward Pepper robot and express how much do you agree with the properties attributed to it (scale: 0%-100%, scroll in to see all the options).  [Predictable]","Consider expectations toward Pepper robot and express how much do you agree with the properties attributed to it (scale: 0%-100%, scroll in to see all the options).  [Perform exactly as instructed]",0.9655810287305758
"Consider expectations toward Pepper robot and express how much do you agree with the properties attributed to it (scale: 0%-100%, scroll in to see all the options).  [Perform exactly as instructed]","Consider expectations toward Pepper robot and express how much do you agree with the properties attributed to it (scale: 0%-100%, scroll in to see all the options).  [Predictable]",0.9655810287305758
"Consider expectations toward Pepper robot and express how much do you agree with the properties attributed to it (scale: 0%-100%, scroll in to see all the options).  [Dependable]","Consider expectations toward Pepper robot and express how much do you agree with the properties attributed to it (scale: 0%-100%, scroll in to see all the options).  [Perform exactly as instructed]",0.9655810287305758
"Consider expectations toward Pepper robot and express how much do you agree with the properties attributed to it (scale: 0%-100%, scroll in to see all the options).  [Perform exactly as instructed]","Consider expectations toward Pepper robot and express how much do you agree with the properties attributed to it (scale: 0%-100%, scroll in to see all the options).  [Dependable]",0.9655810287305758
"Consider expectations toward Pepper robot and express how much do you agree with the properties attributed to it (scale: 0%-100%, scroll in to see all the options).  [Perform exactly as instructed]","Consider expectations toward Pepper robot and express how much do you agree with the properties attributed to it (scale: 0%-100%, scroll in to see all the options).  [Function successfully]",0.9655810287305756
"Consider expectations toward Pepper robot and express how much do you agree with the properties attributed to it (scale: 0%-100%, scroll in to see all the options).  [Function successfully]","Consider expectations toward Pepper robot and express how much do you agree with the properties attributed to it (scale: 0%-100%, scroll in to see all the options).  [Perform exactly as instructed]",0.9655810287305756
"I see myself as someone who  [... is ongoing, sociable]",Which picture best describes the relationship between Pepper and your national culture? ,0.9622504486493764
Which picture best describes the relationship between Pepper and your own preferences? ,Which picture best describes your relationship with Italy or Germany?,0.9622504486493764
Which picture best describes the relationship between Pepper and your national culture? ,"I see myself as someone who  [... is ongoing, sociable]",0.9622504486493764
Which picture best describes your relationship with Italy or Germany?,Which picture best describes the relationship between Pepper and your own preferences? ,0.9622504486493764
Please rate your impression of the robot you just interacted with by selecting a point on the scale between the two adjectives. There are no right or wrong answers. ,Please rate your impression of the robot you just interacted with by selecting a point on the scale between the two adjectives. There are no right or wrong answers. .4,0.9622504486493763
Please rate your impression of the robot you just interacted with by selecting a point on the scale between the two adjectives. There are no right or wrong answers. .4,Please rate your impression of the robot you just interacted with by selecting a point on the scale between the two adjectives. There are no right or wrong answers. ,0.9622504486493763
"Consider expectations toward Pepper robot and express how much do you agree with the properties attributed to it (scale: 0%-100%, scroll in to see all the options).  [Reliable]",Please rate your impression of the robot you just interacted with by selecting a point on the scale between the two adjectives. There are no right or wrong answers. ,0.962250448649376
Please rate your impression of the robot you just interacted with by selecting a point on the scale between the two adjectives. There are no right or wrong answers. ,"Consider expectations toward Pepper robot and express how much do you agree with the properties attributed to it (scale: 0%-100%, scroll in to see all the options).  [Reliable]",0.962250448649376
Which picture best describes the relationship between Pepper and your country? ,coscientiousness,0.9544271444636666
coscientiousness,Which picture best describes the relationship between Pepper and your country? ,0.9544271444636666
"Consider expectations toward Pepper robot and express how much do you agree with the properties attributed to it (scale: 0%-100%, scroll in to see all the options).  [Meet the needs of the mission]","Consider expectations toward Pepper robot and express how much do you agree with the properties attributed to it (scale: 0%-100%, scroll in to see all the options).  [Reliable]",0.9525793444156803
"Consider expectations toward Pepper robot and express how much do you agree with the properties attributed to it (scale: 0%-100%, scroll in to see all the options).  [Reliable]","Consider expectations toward Pepper robot and express how much do you agree with the properties attributed to it (scale: 0%-100%, scroll in to see all the options).  [Meet the needs of the mission]",0.9525793444156803
Which picture best describes the relationship between Pepper and your national culture? ,mean_cultural_closeness,0.9523809523809524
mean_cultural_closeness,Which picture best describes the relationship between Pepper and your national culture? ,0.9523809523809524
Which picture best describes your relationship with Italian or German language?,neuroticism,0.9505863757867169
agreebleness,I see myself as someone who  [... is generally trusting],0.9505863757867169
I see myself as someone who  [... is generally trusting],agreebleness,0.9505863757867169
neuroticism,Which picture best describes your relationship with Italian or German language?,0.9505863757867169
agreebleness,mean_cultural_closeness_subj,0.9505863757867156
mean_cultural_closeness_subj,agreebleness,0.9505863757867156
mean_cultural_closeness,Which picture best describes the relationship between Pepper and your country? ,0.9504366117494701
Which picture best describes the relationship between Pepper and your country? ,mean_cultural_closeness,0.9504366117494701
Please rate your impression of the robot you just interacted with by selecting a point on the scale between the two adjectives. There are no right or wrong answers. .2,Please rate your impression of the robot you just interacted with by selecting a point on the scale between the two adjectives. There are no right or wrong answers. .5,0.9486832980505138
extraversion,"Consider expectations toward Pepper robot and express how much do you agree with the properties attributed to it (scale: 0%-100%, scroll in to see all the options).  [Unresponsive]",0.9486832980505138
Please rate your impression of the robot you just interacted with by selecting a point on the scale between the two adjectives. There are no right or wrong answers. .5,Please rate your impression of the robot you just interacted with by selecting a point on the scale between the two adjectives. There are no right or wrong answers. .2,0.9486832980505138
"Consider expectations toward Pepper robot and express how much do you agree with the properties attributed to it (scale: 0%-100%, scroll in to see all the options).  [Unresponsive]",extraversion,0.9486832980505138
"Consider expectations toward Pepper robot and express how much do you agree with the properties attributed to it (scale: 0%-100%, scroll in to see all the options).  [Act consistenly]","Consider expectations toward Pepper robot and express how much do you agree with the properties attributed to it (scale: 0%-100%, scroll in to see all the options).  [Follow directions]",0.9486832980505134
"Consider expectations toward Pepper robot and express how much do you agree with the properties attributed to it (scale: 0%-100%, scroll in to see all the options).  [Follow directions]","Consider expectations toward Pepper robot and express how much do you agree with the properties attributed to it (scale: 0%-100%, scroll in to see all the options).  [Act consistenly]",0.9486832980505134
mean_competence,Please rate your impression of the robot you just interacted with by selecting a point on the scale between the two adjectives. There are no right or wrong answers. .2,0.9469906064957608
Please rate your impression of the robot you just interacted with by selecting a point on the scale between the two adjectives. There are no right or wrong answers. .2,mean_competence,0.9469906064957608
Please rate your impression of the robot you just interacted with by selecting a point on the scale between the two adjectives. There are no right or wrong answers. .2,Please rate your impression of the robot you just interacted with by selecting a point on the scale between the two adjectives. There are no right or wrong answers. .1,0.9467292624062575
Please rate your impression of the robot you just interacted with by selecting a point on the scale between the two adjectives. There are no right or wrong answers. .1,Please rate your impression of the robot you just interacted with by selecting a point on the scale between the two adjectives. There are no right or wrong answers. .2,0.9467292624062575
Please rate your impression of the robot you just interacted with by selecting a point on the scale between the two adjectives. There are no right or wrong answers. .2,I see myself as someone who  [... tends to be lazy],0.9467292624062573
I see myself as someone who  [... tends to be lazy],Please rate your impression of the robot you just interacted with by selecting a point on the scale between the two adjectives. There are no right or wrong answers. .2,0.9467292624062573
I see myself as someone who  [... has few artistic interests],"Consider expectations toward Pepper robot and express how much do you agree with the properties attributed to it (scale: 0%-100%, scroll in to see all the options).  [Communicate with people]",0.9449111825230679
"Consider expectations toward Pepper robot and express how much do you agree with the properties attributed to it (scale: 0%-100%, scroll in to see all the options).  [Communicate with people]",I see myself as someone who  [... has few artistic interests],0.9449111825230679
"Consider expectations toward Pepper robot and express how much do you agree with the properties attributed to it (scale: 0%-100%, scroll in to see all the options).  [Act consistenly]","Consider expectations toward Pepper robot and express how much do you agree with the properties attributed to it (scale: 0%-100%, scroll in to see all the options).  [Provide Feedback]",0.943879807448539
"Consider expectations toward Pepper robot and express how much do you agree with the properties attributed to it (scale: 0%-100%, scroll in to see all the options).  [Provide Feedback]","Consider expectations toward Pepper robot and express how much do you agree with the properties attributed to it (scale: 0%-100%, scroll in to see all the options).  [Act consistenly]",0.943879807448539
"Consider expectations toward Pepper robot and express how much do you agree with the properties attributed to it (scale: 0%-100%, scroll in to see all the options).  [Act consistenly]",I see myself as someone who  [... does a thorough job],0.9438798074485389
I see myself as someone who  [... does a thorough job],"Consider expectations toward Pepper robot and express how much do you agree with the properties attributed to it (scale: 0%-100%, scroll in to see all the options).  [Act consistenly]",0.9438798074485389
"Consider expectations toward Pepper robot and express how much do you agree with the properties attributed to it (scale: 0%-100%, scroll in to see all the options).  [Act consistenly]","Consider expectations toward Pepper robot and express how much do you agree with the properties attributed to it (scale: 0%-100%, scroll in to see all the options).  [Dependable]",0.9438798074485388
"Consider expectations toward Pepper robot and express how much do you agree with the properties attributed to it (scale: 0%-100%, scroll in to see all the options).  [Dependable]","Consider expectations toward Pepper robot and express how much do you agree with the properties attributed to it (scale: 0%-100%, scroll in to see all the options).  [Act consistenly]",0.9438798074485388
"Consider expectations toward Pepper robot and express how much do you agree with the properties attributed to it (scale: 0%-100%, scroll in to see all the options).  [Act consistenly]","Consider expectations toward Pepper robot and express how much do you agree with the properties attributed to it (scale: 0%-100%, scroll in to see all the options).  [Predictable]",0.9438798074485388
"Consider expectations toward Pepper robot and express how much do you agree with the properties attributed to it (scale: 0%-100%, scroll in to see all the options).  [Predictable]","Consider expectations toward Pepper robot and express how much do you agree with the properties attributed to it (scale: 0%-100%, scroll in to see all the options).  [Act consistenly]",0.9438798074485388
"Consider expectations toward Pepper robot and express how much do you agree with the properties attributed to it (scale: 0%-100%, scroll in to see all the options).  [Function successfully]","Consider expectations toward Pepper robot and express how much do you agree with the properties attributed to it (scale: 0%-100%, scroll in to see all the options).  [Act consistenly]",0.9438798074485387
"Consider expectations toward Pepper robot and express how much do you agree with the properties attributed to it (scale: 0%-100%, scroll in to see all the options).  [Act consistenly]","Consider expectations toward Pepper robot and express how much do you agree with the properties attributed to it (scale: 0%-100%, scroll in to see all the options).  [Function successfully]",0.9438798074485387
mean_personality_subj,Which picture best describes the relationship between Pepper and your own preferences? ,0.9431940973635171
Which picture best describes the relationship between Pepper and your own preferences? ,mean_personality_subj,0.9431940973635171
Which picture best describes your relationship with Italian or German language?,I see myself as someone who  [... get nervous easily],0.9428090415820635
I see myself as someone who  [... get nervous easily],Which picture best describes your relationship with Italian or German language?,0.9428090415820635
Please rate your impression of the robot you just interacted with by selecting a point on the scale between the two adjectives. There are no right or wrong answers. .5,Please rate your impression of the robot you just interacted with by selecting a point on the scale between the two adjectives. There are no right or wrong answers. .4,0.9428090415820634
Please rate your impression of the robot you just interacted with by selecting a point on the scale between the two adjectives. There are no right or wrong answers. .4,Please rate your impression of the robot you just interacted with by selecting a point on the scale between the two adjectives. There are no right or wrong answers. .5,0.9428090415820634
"Consider expectations toward Pepper robot and express how much do you agree with the properties attributed to it (scale: 0%-100%, scroll in to see all the options).  [Meet the needs of the mission]",Please rate your impression of the robot you just interacted with by selecting a point on the scale between the two adjectives. There are no right or wrong answers. ,0.9428090415820632
Please rate your impression of the robot you just interacted with by selecting a point on the scale between the two adjectives. There are no right or wrong answers. ,"Consider expectations toward Pepper robot and express how much do you agree with the properties attributed to it (scale: 0%-100%, scroll in to see all the options).  [Meet the needs of the mission]",0.9428090415820632
"Consider expectations toward Pepper robot and express how much do you agree with the properties attributed to it (scale: 0%-100%, scroll in to see all the options).  [Follow directions]","Consider expectations toward Pepper robot and express how much do you agree with the properties attributed to it (scale: 0%-100%, scroll in to see all the options).  [Reliable]",0.942809041582063
"Consider expectations toward Pepper robot and express how much do you agree with the properties attributed to it (scale: 0%-100%, scroll in to see all the options).  [Reliable]","Consider expectations toward Pepper robot and express how much do you agree with the properties attributed to it (scale: 0%-100%, scroll in to see all the options).  [Follow directions]",0.942809041582063
mean_cultural_closeness,mean_personality_subj,0.9401880564188063
mean_personality_subj,mean_cultural_closeness,0.9401880564188063
Please rate your impression of the robot you just interacted with by selecting a point on the scale between the two adjectives. There are no right or wrong answers. ,mean_competence,0.9320504003099558
mean_competence,Please rate your impression of the robot you just interacted with by selecting a point on the scale between the two adjectives. There are no right or wrong answers. ,0.9320504003099558
Please rate your impression of the robot you just interacted with by selecting a point on the scale between the two adjectives. There are no right or wrong answers. .5,neuroticism,0.9313806308475995
neuroticism,Please rate your impression of the robot you just interacted with by selecting a point on the scale between the two adjectives. There are no right or wrong answers. .5,0.9313806308475995
Which picture best describes the relationship between Pepper and your country? ,"I see myself as someone who  [... is ongoing, sociable]",0.9271726499455306
"I see myself as someone who  [... is ongoing, sociable]",Which picture best describes the relationship between Pepper and your country? ,0.9271726499455306
"I see myself as someone who  [... is ongoing, sociable]","I see myself as someone who  [... is relaxed, handles stress well]",0.9271726499455305
"I see myself as someone who  [... is relaxed, handles stress well]","I see myself as someone who  [... is ongoing, sociable]",0.9271726499455305
"Consider expectations toward Pepper robot and express how much do you agree with the properties attributed to it (scale: 0%-100%, scroll in to see all the options).  [Communicate with people]","Consider expectations toward Pepper robot and express how much do you agree with the properties attributed to it (scale: 0%-100%, scroll in to see all the options).  [Provide appropriate information]",0.9258200997725513
"Consider expectations toward Pepper robot and express how much do you agree with the properties attributed to it (scale: 0%-100%, scroll in to see all the options).  [Provide appropriate information]","Consider expectations toward Pepper robot and express how much do you agree with the properties attributed to it (scale: 0%-100%, scroll in to see all the options).  [Communicate with people]",0.9258200997725513
Which picture best describes the relationship between Pepper and your national culture? ,coscientiousness,0.9245003270420487
coscientiousness,Which picture best describes the relationship between Pepper and your national culture? ,0.9245003270420487
extraversion,I see myself as someone who  [... has active imagination],0.9233805168766388
I see myself as someone who  [... has active imagination],extraversion,0.9233805168766388
extraversion,"I see myself as someone who  [... is relaxed, handles stress well]",0.9233805168766386
"I see myself as someone who  [... is relaxed, handles stress well]",extraversion,0.9233805168766386
coscientiousness,Which picture best describes your relationship with Italian or German Culture?,0.9198662110078
Which picture best describes your relationship with Italian or German Culture?,coscientiousness,0.9198662110078
mean_competence,Please rate your impression of the robot you just interacted with by selecting a point on the scale between the two adjectives. There are no right or wrong answers. .5,0.9191491526597656
Please rate your impression of the robot you just interacted with by selecting a point on the scale between the two adjectives. There are no right or wrong answers. .5,mean_competence,0.9191491526597656
"Consider expectations toward Pepper robot and express how much do you agree with the properties attributed to it (scale: 0%-100%, scroll in to see all the options).  [Have errors]",mean_trust_subj,0.9179259670862349
mean_trust_subj,"Consider expectations toward Pepper robot and express how much do you agree with the properties attributed to it (scale: 0%-100%, scroll in to see all the options).  [Have errors]",0.9179259670862349
"Consider expectations toward Pepper robot and express how much do you agree with the properties attributed to it (scale: 0%-100%, scroll in to see all the options).  [Meet the needs of the mission]","Consider expectations toward Pepper robot and express how much do you agree with the properties attributed to it (scale: 0%-100%, scroll in to see all the options).  [Act consistenly]",0.9128709291752769
"Consider expectations toward Pepper robot and express how much do you agree with the properties attributed to it (scale: 0%-100%, scroll in to see all the options).  [Act consistenly]","Consider expectations toward Pepper robot and express how much do you agree with the properties attributed to it (scale: 0%-100%, scroll in to see all the options).  [Meet the needs of the mission]",0.9128709291752769
"I see myself as someone who  [... is ongoing, sociable]",mean_cultural_closeness,0.9072647087265547
mean_cultural_closeness,"I see myself as someone who  [... is ongoing, sociable]",0.9072647087265547
Which picture best describes the relationship between Pepper and your national culture? ,Which picture best describes your relationship with Italian or German Culture?,0.9045340337332911
"Consider expectations toward Pepper robot and express how much do you agree with the properties attributed to it (scale: 0%-100%, scroll in to see all the options).  [Function successfully]",Which picture best describes your relationship with Italy or Germany?,0.9045340337332911
Which picture best describes your relationship with Italy or Germany?,"Consider expectations toward Pepper robot and express how much do you agree with the properties attributed to it (scale: 0%-100%, scroll in to see all the options).  [Function successfully]",0.9045340337332911
Which picture best describes your relationship with Italian or German Culture?,Which picture best describes the relationship between Pepper and your national culture? ,0.9045340337332911
Which picture best describes your relationship with Italy or Germany?,I see myself as someone who  [... does a thorough job],0.904534033733291
"Consider expectations toward Pepper robot and express how much do you agree with the properties attributed to it (scale: 0%-100%, scroll in to see all the options).  [Provide Feedback]",Which picture best describes your relationship with Italy or Germany?,0.904534033733291
Which picture best describes your relationship with Italy or Germany?,"Consider expectations toward Pepper robot and express how much do you agree with the properties attributed to it (scale: 0%-100%, scroll in to see all the options).  [Provide Feedback]",0.904534033733291
I see myself as someone who  [... does a thorough job],Which picture best describes your relationship with Italy or Germany?,0.904534033733291
I see myself as someone who  [... is reserved ],Please rate your impression of the robot you just interacted with by selecting a point on the scale between the two adjectives. There are no right or wrong answers. .4,0.9045340337332909
"Consider expectations toward Pepper robot and express how much do you agree with the properties attributed to it (scale: 0%-100%, scroll in to see all the options).  [Predictable]",Which picture best describes your relationship with Italy or Germany?,0.9045340337332909
Which picture best describes your relationship with Italy or Germany?,"Consider expectations toward Pepper robot and express how much do you agree with the properties attributed to it (scale: 0%-100%, scroll in to see all the options).  [Dependable]",0.9045340337332909
"Consider expectations toward Pepper robot and express how much do you agree with the properties attributed to it (scale: 0%-100%, scroll in to see all the options).  [Dependable]",Which picture best describes your relationship with Italy or Germany?,0.9045340337332909
"Consider expectations toward Pepper robot and express how much do you agree with the properties attributed to it (scale: 0%-100%, scroll in to see all the options).  [Reliable]",I see myself as someone who  [... is reserved ],0.9045340337332909
I see myself as someone who  [... is reserved ],"Consider expectations toward Pepper robot and express how much do you agree with the properties attributed to it (scale: 0%-100%, scroll in to see all the options).  [Reliable]",0.9045340337332909
Which picture best describes your relationship with Italy or Germany?,"Consider expectations toward Pepper robot and express how much do you agree with the properties attributed to it (scale: 0%-100%, scroll in to see all the options).  [Predictable]",0.9045340337332909
Please rate your impression of the robot you just interacted with by selecting a point on the scale between the two adjectives. There are no right or wrong answers. .4,I see myself as someone who  [... is reserved ],0.9045340337332909
"Consider expectations toward Pepper robot and express how much do you agree with the properties attributed to it (scale: 0%-100%, scroll in to see all the options).  [Reliable]","Consider expectations toward Pepper robot and express how much do you agree with the properties attributed to it (scale: 0%-100%, scroll in to see all the options).  [Function successfully]",0.9045340337332908
"Consider expectations toward Pepper robot and express how much do you agree with the properties attributed to it (scale: 0%-100%, scroll in to see all the options).  [Function successfully]","Consider expectations toward Pepper robot and express how much do you agree with the properties attributed to it (scale: 0%-100%, scroll in to see all the options).  [Reliable]",0.9045340337332908
"Consider expectations toward Pepper robot and express how much do you agree with the properties attributed to it (scale: 0%-100%, scroll in to see all the options).  [Predictable]","Consider expectations toward Pepper robot and express how much do you agree with the properties attributed to it (scale: 0%-100%, scroll in to see all the options).  [Reliable]",0.9045340337332903
"Consider expectations toward Pepper robot and express how much do you agree with the properties attributed to it (scale: 0%-100%, scroll in to see all the options).  [Dependable]","Consider expectations toward Pepper robot and express how much do you agree with the properties attributed to it (scale: 0%-100%, scroll in to see all the options).  [Reliable]",0.9045340337332903
"Consider expectations toward Pepper robot and express how much do you agree with the properties attributed to it (scale: 0%-100%, scroll in to see all the options).  [Reliable]","Consider expectations toward Pepper robot and express how much do you agree with the properties attributed to it (scale: 0%-100%, scroll in to see all the options).  [Predictable]",0.9045340337332903
"Consider expectations toward Pepper robot and express how much do you agree with the properties attributed to it (scale: 0%-100%, scroll in to see all the options).  [Reliable]","Consider expectations toward Pepper robot and express how much do you agree with the properties attributed to it (scale: 0%-100%, scroll in to see all the options).  [Dependable]",0.9045340337332903
"I see myself as someone who  [... is relaxed, handles stress well]",Which picture best describes your relationship with Italian or German Culture?,0.8992288030258969
Which picture best describes your relationship with Italian or German Culture?,"I see myself as someone who  [... is relaxed, handles stress well]",0.8992288030258969
Which picture best describes the relationship between Pepper and your country? ,Which picture best describes your relationship with Italian or German Culture?,0.8992288030258969
Which picture best describes your relationship with Italian or German Culture?,Which picture best describes the relationship between Pepper and your country? ,0.8992288030258969
"I see myself as someone who  [... is relaxed, handles stress well]",I see myself as someone who  [... has active imagination],0.8947368421052632
I see myself as someone who  [... has active imagination],"I see myself as someone who  [... is relaxed, handles stress well]",0.8947368421052632
"Consider expectations toward Pepper robot and express how much do you agree with the properties attributed to it (scale: 0%-100%, scroll in to see all the options).  [Reliable]","Consider expectations toward Pepper robot and express how much do you agree with the properties attributed to it (scale: 0%-100%, scroll in to see all the options).  [Act consistenly]",0.8944271909999161
"Consider expectations toward Pepper robot and express how much do you agree with the properties attributed to it (scale: 0%-100%, scroll in to see all the options).  [Act consistenly]","Consider expectations toward Pepper robot and express how much do you agree with the properties attributed to it (scale: 0%-100%, scroll in to see all the options).  [Reliable]",0.8944271909999161
Which picture best describes your relationship with Italy or Germany?,"Consider expectations toward Pepper robot and express how much do you agree with the properties attributed to it (scale: 0%-100%, scroll in to see all the options).  [Act consistenly]",0.894427190999916
"Consider expectations toward Pepper robot and express how much do you agree with the properties attributed to it (scale: 0%-100%, scroll in to see all the options).  [Act consistenly]",Which picture best describes your relationship with Italy or Germany?,0.894427190999916
Please rate your impression of the robot you just interacted with by selecting a point on the scale between the two adjectives. There are no right or wrong answers. .2,Please rate your impression of the robot you just interacted with by selecting a point on the scale between the two adjectives. There are no right or wrong answers. .4,0.8944271909999159
Please rate your impression of the robot you just interacted with by selecting a point on the scale between the two adjectives. There are no right or wrong answers. .4,Please rate your impression of the robot you just interacted with by selecting a point on the scale between the two adjectives. There are no right or wrong answers. .2,0.8944271909999159
Please rate your impression of the robot you just interacted with by selecting a point on the scale between the two adjectives. There are no right or wrong answers. .4,"Consider expectations toward Pepper robot and express how much do you agree with the properties attributed to it (scale: 0%-100%, scroll in to see all the options).  [Reliable]",0.8888888888888888
"Consider expectations toward Pepper robot and express how much do you agree with the properties attributed to it (scale: 0%-100%, scroll in to see all the options).  [Reliable]",Please rate your impression of the robot you just interacted with by selecting a point on the scale between the two adjectives. There are no right or wrong answers. .4,0.8888888888888888
"Consider expectations toward Pepper robot and express how much do you agree with the properties attributed to it (scale: 0%-100%, scroll in to see all the options).  [Provide Feedback]",mean_personality_subj,0.8866206949335738
mean_personality_subj,"Consider expectations toward Pepper robot and express how much do you agree with the properties attributed to it (scale: 0%-100%, scroll in to see all the options).  [Provide Feedback]",0.8866206949335738
I see myself as someone who  [... does a thorough job],mean_personality_subj,0.8866206949335735
mean_personality_subj,I see myself as someone who  [... does a thorough job],0.8866206949335735
"Consider expectations toward Pepper robot and express how much do you agree with the properties attributed to it (scale: 0%-100%, scroll in to see all the options).  [Act consistenly]","Consider expectations toward Pepper robot and express how much do you agree with the properties attributed to it (scale: 0%-100%, scroll in to see all the options).  [Perform exactly as instructed]",0.8865926413116152
"Consider expectations toward Pepper robot and express how much do you agree with the properties attributed to it (scale: 0%-100%, scroll in to see all the options).  [Perform exactly as instructed]","Consider expectations toward Pepper robot and express how much do you agree with the properties attributed to it (scale: 0%-100%, scroll in to see all the options).  [Act consistenly]",0.8865926413116152
mean_cultural_closeness_subj,"Consider expectations toward Pepper robot and express how much do you agree with the properties attributed to it (scale: 0%-100%, scroll in to see all the options).  [Provide Feedback]",0.8703882797784904
"Consider expectations toward Pepper robot and express how much do you agree with the properties attributed to it (scale: 0%-100%, scroll in to see all the options).  [Provide Feedback]",mean_cultural_closeness_subj,0.8703882797784904
mean_cultural_closeness_subj,I see myself as someone who  [... does a thorough job],0.8703882797784902
I see myself as someone who  [... does a thorough job],mean_cultural_closeness_subj,0.8703882797784902
Please rate your impression of the robot you just interacted with by selecting a point on the scale between the two adjectives. There are no right or wrong answers. ,I see myself as someone who  [... is reserved ],0.8703882797784893
I see myself as someone who  [... is reserved ],Please rate your impression of the robot you just interacted with by selecting a point on the scale between the two adjectives. There are no right or wrong answers. ,0.8703882797784893
"Consider expectations toward Pepper robot and express how much do you agree with the properties attributed to it (scale: 0%-100%, scroll in to see all the options).  [Provide Feedback]",I see myself as someone who  [... is generally trusting],0.8703882797784892
I see myself as someone who  [... is generally trusting],"Consider expectations toward Pepper robot and express how much do you agree with the properties attributed to it (scale: 0%-100%, scroll in to see all the options).  [Provide Feedback]",0.8703882797784892
I see myself as someone who  [... does a thorough job],I see myself as someone who  [... is generally trusting],0.8703882797784892
Which picture best describes your relationship with Italian or German Culture?,"I see myself as someone who  [... is ongoing, sociable]",0.8703882797784892
I see myself as someone who  [... is generally trusting],I see myself as someone who  [... does a thorough job],0.8703882797784892
"I see myself as someone who  [... is ongoing, sociable]",Which picture best describes your relationship with Italian or German Culture?,0.8703882797784892
Which picture best describes the relationship between Pepper and your own preferences? ,"Consider expectations toward Pepper robot and express how much do you agree with the properties attributed to it (scale: 0%-100%, scroll in to see all the options).  [Dependable]",0.8703882797784891
"Consider expectations toward Pepper robot and express how much do you agree with the properties attributed to it (scale: 0%-100%, scroll in to see all the options).  [Predictable]",Which picture best describes the relationship between Pepper and your own preferences? ,0.8703882797784891
Which picture best describes the relationship between Pepper and your own preferences? ,"Consider expectations toward Pepper robot and express how much do you agree with the properties attributed to it (scale: 0%-100%, scroll in to see all the options).  [Predictable]",0.8703882797784891
"Consider expectations toward Pepper robot and express how much do you agree with the properties attributed to it (scale: 0%-100%, scroll in to see all the options).  [Dependable]",Which picture best describes the relationship between Pepper and your own preferences? ,0.8703882797784891
"Consider expectations toward Pepper robot and express how much do you agree with the properties attributed to it (scale: 0%-100%, scroll in to see all the options).  [Predictable]",Please rate your impression of the robot you just interacted with by selecting a point on the scale between the two adjectives. There are no right or wrong answers. ,0.870388279778489
Please rate your impression of the robot you just interacted with by selecting a point on the scale between the two adjectives. There are no right or wrong answers. ,"Consider expectations toward Pepper robot and express how much do you agree with the properties attributed to it (scale: 0%-100%, scroll in to see all the options).  [Predictable]",0.870388279778489
Please rate your impression of the robot you just interacted with by selecting a point on the scale between the two adjectives. There are no right or wrong answers. ,"Consider expectations toward Pepper robot and express how much do you agree with the properties attributed to it (scale: 0%-100%, scroll in to see all the options).  [Dependable]",0.870388279778489
"Consider expectations toward Pepper robot and express how much do you agree with the properties attributed to it (scale: 0%-100%, scroll in to see all the options).  [Dependable]",Please rate your impression of the robot you just interacted with by selecting a point on the scale between the two adjectives. There are no right or wrong answers. ,0.870388279778489
Which picture best describes the relationship between Pepper and your own preferences? ,"Consider expectations toward Pepper robot and express how much do you agree with the properties attributed to it (scale: 0%-100%, scroll in to see all the options).  [Function successfully]",0.8703882797784889
"Consider expectations toward Pepper robot and express how much do you agree with the properties attributed to it (scale: 0%-100%, scroll in to see all the options).  [Function successfully]",Which picture best describes the relationship between Pepper and your own preferences? ,0.8703882797784889
Please rate your impression of the robot you just interacted with by selecting a point on the scale between the two adjectives. There are no right or wrong answers. ,"Consider expectations toward Pepper robot and express how much do you agree with the properties attributed to it (scale: 0%-100%, scroll in to see all the options).  [Function successfully]",0.8703882797784889
"Consider expectations toward Pepper robot and express how much do you agree with the properties attributed to it (scale: 0%-100%, scroll in to see all the options).  [Function successfully]",Please rate your impression of the robot you just interacted with by selecting a point on the scale between the two adjectives. There are no right or wrong answers. ,0.8703882797784889
"Consider expectations toward Pepper robot and express how much do you agree with the properties attributed to it (scale: 0%-100%, scroll in to see all the options).  [Follow directions]","Consider expectations toward Pepper robot and express how much do you agree with the properties attributed to it (scale: 0%-100%, scroll in to see all the options).  [Meet the needs of the mission]",0.8660254037844388
Please rate your impression of the robot you just interacted with by selecting a point on the scale between the two adjectives. There are no right or wrong answers. .5,I see myself as someone who  [... get nervous easily],0.8660254037844388
I see myself as someone who  [... get nervous easily],Please rate your impression of the robot you just interacted with by selecting a point on the scale between the two adjectives. There are no right or wrong answers. .5,0.8660254037844388
"Consider expectations toward Pepper robot and express how much do you agree with the properties attributed to it (scale: 0%-100%, scroll in to see all the options).  [Meet the needs of the mission]","Consider expectations toward Pepper robot and express how much do you agree with the properties attributed to it (scale: 0%-100%, scroll in to see all the options).  [Follow directions]",0.8660254037844388
"Consider expectations toward Pepper robot and express how much do you agree with the properties attributed to it (scale: 0%-100%, scroll in to see all the options).  [Perform exactly as instructed]",Please rate your impression of the robot you just interacted with by selecting a point on the scale between the two adjectives. There are no right or wrong answers. .4,0.8641585652180933
Please rate your impression of the robot you just interacted with by selecting a point on the scale between the two adjectives. There are no right or wrong answers. .4,"Consider expectations toward Pepper robot and express how much do you agree with the properties attributed to it (scale: 0%-100%, scroll in to see all the options).  [Perform exactly as instructed]",0.8641585652180933
"Consider expectations toward Pepper robot and express how much do you agree with the properties attributed to it (scale: 0%-100%, scroll in to see all the options).  [Follow directions]","Consider expectations toward Pepper robot and express how much do you agree with the properties attributed to it (scale: 0%-100%, scroll in to see all the options).  [Perform exactly as instructed]",0.8626621856275073
"Consider expectations toward Pepper robot and express how much do you agree with the properties attributed to it (scale: 0%-100%, scroll in to see all the options).  [Perform exactly as instructed]","Consider expectations toward Pepper robot and express how much do you agree with the properties attributed to it (scale: 0%-100%, scroll in to see all the options).  [Follow directions]",0.8626621856275073
Which picture best describes your relationship with Italy or Germany?,mean_cultural_closeness,0.8571428571428572
mean_cultural_closeness,Which picture best describes your relationship with Italy or Germany?,0.8571428571428572
"Consider expectations toward Pepper robot and express how much do you agree with the properties attributed to it (scale: 0%-100%, scroll in to see all the options).  [Follow directions]","Consider expectations toward Pepper robot and express how much do you agree with the properties attributed to it (scale: 0%-100%, scroll in to see all the options).  [Provide Feedback]",0.852802865422442
"Consider expectations toward Pepper robot and express how much do you agree with the properties attributed to it (scale: 0%-100%, scroll in to see all the options).  [Provide Feedback]","Consider expectations toward Pepper robot and express how much do you agree with the properties attributed to it (scale: 0%-100%, scroll in to see all the options).  [Follow directions]",0.852802865422442
I see myself as someone who  [... is reserved ],Please rate your impression of the robot you just interacted with by selecting a point on the scale between the two adjectives. There are no right or wrong answers. .5,0.8528028654224419
Please rate your impression of the robot you just interacted with by selecting a point on the scale between the two adjectives. There are no right or wrong answers. .5,I see myself as someone who  [... is reserved ],0.8528028654224419
Which picture best describes your relationship with Italian or German Culture?,"Consider expectations toward Pepper robot and express how much do you agree with the properties attributed to it (scale: 0%-100%, scroll in to see all the options).  [Unresponsive]",0.8528028654224418
"Consider expectations toward Pepper robot and express how much do you agree with the properties attributed to it (scale: 0%-100%, scroll in to see all the options).  [Unresponsive]",Which picture best describes your relationship with Italian or German Culture?,0.8528028654224418
"Consider expectations toward Pepper robot and express how much do you agree with the properties attributed to it (scale: 0%-100%, scroll in to see all the options).  [Follow directions]",I see myself as someone who  [... is reserved ],0.8528028654224415
"Consider expectations toward Pepper robot and express how much do you agree with the properties attributed to it (scale: 0%-100%, scroll in to see all the options).  [Follow directions]",I see myself as someone who  [... does a thorough job],0.8528028654224415
I see myself as someone who  [... does a thorough job],"Consider expectations toward Pepper robot and express how much do you agree with the properties attributed to it (scale: 0%-100%, scroll in to see all the options).  [Follow directions]",0.8528028654224415
"Consider expectations toward Pepper robot and express how much do you agree with the properties attributed to it (scale: 0%-100%, scroll in to see all the options).  [Function successfully]","Consider expectations toward Pepper robot and express how much do you agree with the properties attributed to it (scale: 0%-100%, scroll in to see all the options).  [Follow directions]",0.8528028654224415
I see myself as someone who  [... is reserved ],"Consider expectations toward Pepper robot and express how much do you agree with the properties attributed to it (scale: 0%-100%, scroll in to see all the options).  [Follow directions]",0.8528028654224415
"Consider expectations toward Pepper robot and express how much do you agree with the properties attributed to it (scale: 0%-100%, scroll in to see all the options).  [Follow directions]","Consider expectations toward Pepper robot and express how much do you agree with the properties attributed to it (scale: 0%-100%, scroll in to see all the options).  [Function successfully]",0.8528028654224415
"Consider expectations toward Pepper robot and express how much do you agree with the properties attributed to it (scale: 0%-100%, scroll in to see all the options).  [Dependable]","Consider expectations toward Pepper robot and express how much do you agree with the properties attributed to it (scale: 0%-100%, scroll in to see all the options).  [Follow directions]",0.8528028654224414
"Consider expectations toward Pepper robot and express how much do you agree with the properties attributed to it (scale: 0%-100%, scroll in to see all the options).  [Predictable]","Consider expectations toward Pepper robot and express how much do you agree with the properties attributed to it (scale: 0%-100%, scroll in to see all the options).  [Follow directions]",0.8528028654224414
"Consider expectations toward Pepper robot and express how much do you agree with the properties attributed to it (scale: 0%-100%, scroll in to see all the options).  [Follow directions]","Consider expectations toward Pepper robot and express how much do you agree with the properties attributed to it (scale: 0%-100%, scroll in to see all the options).  [Dependable]",0.8528028654224414
"Consider expectations toward Pepper robot and express how much do you agree with the properties attributed to it (scale: 0%-100%, scroll in to see all the options).  [Follow directions]","Consider expectations toward Pepper robot and express how much do you agree with the properties attributed to it (scale: 0%-100%, scroll in to see all the options).  [Predictable]",0.8528028654224414
Which picture best describes the relationship between Pepper and your national culture? ,"I see myself as someone who  [... is relaxed, handles stress well]",0.8411910241920599
"I see myself as someone who  [... is relaxed, handles stress well]",Which picture best describes the relationship between Pepper and your national culture? ,0.8411910241920599
"Consider expectations toward Pepper robot and express how much do you agree with the properties attributed to it (scale: 0%-100%, scroll in to see all the options).  [Communicate with people]",I see myself as someone who  [... tends to find fault with others],0.8366600265340755
I see myself as someone who  [... tends to find fault with others],"Consider expectations toward Pepper robot and express how much do you agree with the properties attributed to it (scale: 0%-100%, scroll in to see all the options).  [Communicate with people]",0.8366600265340755
Please rate your impression of the robot you just interacted with by selecting a point on the scale between the two adjectives. There are no right or wrong answers. .2,neuroticism,0.8344971792454872
neuroticism,Please rate your impression of the robot you just interacted with by selecting a point on the scale between the two adjectives. There are no right or wrong answers. .2,0.8344971792454872
"Consider expectations toward Pepper robot and express how much do you agree with the properties attributed to it (scale: 0%-100%, scroll in to see all the options).  [Perform exactly as instructed]",mean_competence,0.8344793210655193
mean_competence,"Consider expectations toward Pepper robot and express how much do you agree with the properties attributed to it (scale: 0%-100%, scroll in to see all the options).  [Perform exactly as instructed]",0.8344793210655193
coscientiousness,mean_cultural_closeness,0.8320502943378437
mean_cultural_closeness,coscientiousness,0.8320502943378437
"Consider expectations toward Pepper robot and express how much do you agree with the properties attributed to it (scale: 0%-100%, scroll in to see all the options).  [Malfunction]","Consider expectations toward Pepper robot and express how much do you agree with the properties attributed to it (scale: 0%-100%, scroll in to see all the options).  [Have errors]",0.8280786712108249
"Consider expectations toward Pepper robot and express how much do you agree with the properties attributed to it (scale: 0%-100%, scroll in to see all the options).  [Have errors]","Consider expectations toward Pepper robot and express how much do you agree with the properties attributed to it (scale: 0%-100%, scroll in to see all the options).  [Malfunction]",0.8280786712108249
Please rate your impression of the robot you just interacted with by selecting a point on the scale between the two adjectives. There are no right or wrong answers. .1,mean_competence,0.8190745942117795
mean_competence,Please rate your impression of the robot you just interacted with by selecting a point on the scale between the two adjectives. There are no right or wrong answers. .1,0.8190745942117795
mean_competence,I see myself as someone who  [... tends to be lazy],0.8190745942117793
I see myself as someone who  [... tends to be lazy],mean_competence,0.8190745942117793
mean_cultural_closeness,"Consider expectations toward Pepper robot and express how much do you agree with the properties attributed to it (scale: 0%-100%, scroll in to see all the options).  [Provide Feedback]",0.8183879352825013
"Consider expectations toward Pepper robot and express how much do you agree with the properties attributed to it (scale: 0%-100%, scroll in to see all the options).  [Provide Feedback]",mean_cultural_closeness,0.8183879352825013
mean_cultural_closeness,I see myself as someone who  [... does a thorough job],0.8183879352825012
I see myself as someone who  [... does a thorough job],mean_cultural_closeness,0.8183879352825012
"Consider expectations toward Pepper robot and express how much do you agree with the properties attributed to it (scale: 0%-100%, scroll in to see all the options).  [Function successfully]",I see myself as someone who  [... does a thorough job],0.8181818181818186
I see myself as someone who  [... does a thorough job],"Consider expectations toward Pepper robot and express how much do you agree with the properties attributed to it (scale: 0%-100%, scroll in to see all the options).  [Function successfully]",0.8181818181818186
"Consider expectations toward Pepper robot and express how much do you agree with the properties attributed to it (scale: 0%-100%, scroll in to see all the options).  [Provide Feedback]","Consider expectations toward Pepper robot and express how much do you agree with the properties attributed to it (scale: 0%-100%, scroll in to see all the options).  [Dependable]",0.8181818181818181
"Consider expectations toward Pepper robot and express how much do you agree with the properties attributed to it (scale: 0%-100%, scroll in to see all the options).  [Provide Feedback]","Consider expectations toward Pepper robot and express how much do you agree with the properties attributed to it (scale: 0%-100%, scroll in to see all the options).  [Predictable]",0.8181818181818181
"Consider expectations toward Pepper robot and express how much do you agree with the properties attributed to it (scale: 0%-100%, scroll in to see all the options).  [Dependable]","Consider expectations toward Pepper robot and express how much do you agree with the properties attributed to it (scale: 0%-100%, scroll in to see all the options).  [Provide Feedback]",0.8181818181818181
"Consider expectations toward Pepper robot and express how much do you agree with the properties attributed to it (scale: 0%-100%, scroll in to see all the options).  [Predictable]","Consider expectations toward Pepper robot and express how much do you agree with the properties attributed to it (scale: 0%-100%, scroll in to see all the options).  [Provide Feedback]",0.8181818181818181
"Consider expectations toward Pepper robot and express how much do you agree with the properties attributed to it (scale: 0%-100%, scroll in to see all the options).  [Provide Feedback]","Consider expectations toward Pepper robot and express how much do you agree with the properties attributed to it (scale: 0%-100%, scroll in to see all the options).  [Function successfully]",0.8181818181818181
"Consider expectations toward Pepper robot and express how much do you agree with the properties attributed to it (scale: 0%-100%, scroll in to see all the options).  [Function successfully]","Consider expectations toward Pepper robot and express how much do you agree with the properties attributed to it (scale: 0%-100%, scroll in to see all the options).  [Provide Feedback]",0.8181818181818181
I see myself as someone who  [... does a thorough job],"Consider expectations toward Pepper robot and express how much do you agree with the properties attributed to it (scale: 0%-100%, scroll in to see all the options).  [Dependable]",0.818181818181818
I see myself as someone who  [... does a thorough job],"Consider expectations toward Pepper robot and express how much do you agree with the properties attributed to it (scale: 0%-100%, scroll in to see all the options).  [Predictable]",0.818181818181818
"Consider expectations toward Pepper robot and express how much do you agree with the properties attributed to it (scale: 0%-100%, scroll in to see all the options).  [Predictable]",I see myself as someone who  [... does a thorough job],0.818181818181818
"Consider expectations toward Pepper robot and express how much do you agree with the properties attributed to it (scale: 0%-100%, scroll in to see all the options).  [Dependable]",I see myself as someone who  [... does a thorough job],0.818181818181818
Please rate your impression of the robot you just interacted with by selecting a point on the scale between the two adjectives. There are no right or wrong answers. ,"Consider expectations toward Pepper robot and express how much do you agree with the properties attributed to it (scale: 0%-100%, scroll in to see all the options).  [Follow directions]",0.8164965809277264
"Consider expectations toward Pepper robot and express how much do you agree with the properties attributed to it (scale: 0%-100%, scroll in to see all the options).  [Provide appropriate information]",I see myself as someone who  [... has few artistic interests],0.8164965809277264
"Consider expectations toward Pepper robot and express how much do you agree with the properties attributed to it (scale: 0%-100%, scroll in to see all the options).  [Follow directions]",Please rate your impression of the robot you just interacted with by selecting a point on the scale between the two adjectives. There are no right or wrong answers. ,0.8164965809277264
I see myself as someone who  [... has few artistic interests],"Consider expectations toward Pepper robot and express how much do you agree with the properties attributed to it (scale: 0%-100%, scroll in to see all the options).  [Provide appropriate information]",0.8164965809277264
mean_cultural_closeness_subj,"Consider expectations toward Pepper robot and express how much do you agree with the properties attributed to it (scale: 0%-100%, scroll in to see all the options).  [Follow directions]",0.8164965809277263
"Consider expectations toward Pepper robot and express how much do you agree with the properties attributed to it (scale: 0%-100%, scroll in to see all the options).  [Follow directions]",mean_cultural_closeness_subj,0.8164965809277263
"I see myself as someone who  [... is ongoing, sociable]","Consider expectations toward Pepper robot and express how much do you agree with the properties attributed to it (scale: 0%-100%, scroll in to see all the options).  [Unresponsive]",0.8164965809277261
"I see myself as someone who  [... is ongoing, sociable]",I see myself as someone who  [... has few artistic interests],0.8164965809277261
I see myself as someone who  [... has few artistic interests],"I see myself as someone who  [... is ongoing, sociable]",0.8164965809277261
"Consider expectations toward Pepper robot and express how much do you agree with the properties attributed to it (scale: 0%-100%, scroll in to see all the options).  [Unresponsive]","I see myself as someone who  [... is ongoing, sociable]",0.8164965809277261
I see myself as someone who  [... has few artistic interests],Which picture best describes the relationship between Pepper and your own preferences? ,0.8164965809277261
Please rate your impression of the robot you just interacted with by selecting a point on the scale between the two adjectives. There are no right or wrong answers. .5,Which picture best describes your relationship with Italian or German language?,0.8164965809277261
Which picture best describes the relationship between Pepper and your own preferences? ,I see myself as someone who  [... has few artistic interests],0.8164965809277261
Which picture best describes your relationship with Italian or German language?,Please rate your impression of the robot you just interacted with by selecting a point on the scale between the two adjectives. There are no right or wrong answers. .5,0.8164965809277261
"Consider expectations toward Pepper robot and express how much do you agree with the properties attributed to it (scale: 0%-100%, scroll in to see all the options).  [Meet the needs of the mission]",Which picture best describes your relationship with Italy or Germany?,0.816496580927726
Which picture best describes your relationship with Italy or Germany?,"Consider expectations toward Pepper robot and express how much do you agree with the properties attributed to it (scale: 0%-100%, scroll in to see all the options).  [Meet the needs of the mission]",0.816496580927726
"Consider expectations toward Pepper robot and express how much do you agree with the properties attributed to it (scale: 0%-100%, scroll in to see all the options).  [Meet the needs of the mission]",Please rate your impression of the robot you just interacted with by selecting a point on the scale between the two adjectives. There are no right or wrong answers. .4,0.816496580927726
Please rate your impression of the robot you just interacted with by selecting a point on the scale between the two adjectives. There are no right or wrong answers. .5,I see myself as someone who  [... tends to be lazy],0.816496580927726
I see myself as someone who  [... tends to be lazy],Please rate your impression of the robot you just interacted with by selecting a point on the scale between the two adjectives. There are no right or wrong answers. .5,0.816496580927726
Please rate your impression of the robot you just interacted with by selecting a point on the scale between the two adjectives. There are no right or wrong answers. .4,"Consider expectations toward Pepper robot and express how much do you agree with the properties attributed to it (scale: 0%-100%, scroll in to see all the options).  [Meet the needs of the mission]",0.816496580927726
Please rate your impression of the robot you just interacted with by selecting a point on the scale between the two adjectives. There are no right or wrong answers. .5,Please rate your impression of the robot you just interacted with by selecting a point on the scale between the two adjectives. There are no right or wrong answers. ,0.8164965809277259
Please rate your impression of the robot you just interacted with by selecting a point on the scale between the two adjectives. There are no right or wrong answers. ,Please rate your impression of the robot you just interacted with by selecting a point on the scale between the two adjectives. There are no right or wrong answers. .5,0.8164965809277259
Please rate your impression of the robot you just interacted with by selecting a point on the scale between the two adjectives. There are no right or wrong answers. .1,Please rate your impression of the robot you just interacted with by selecting a point on the scale between the two adjectives. There are no right or wrong answers. .5,0.8164965809277259
Please rate your impression of the robot you just interacted with by selecting a point on the scale between the two adjectives. There are no right or wrong answers. .5,Please rate your impression of the robot you just interacted with by selecting a point on the scale between the two adjectives. There are no right or wrong answers. .1,0.8164965809277259
"Consider expectations toward Pepper robot and express how much do you agree with the properties attributed to it (scale: 0%-100%, scroll in to see all the options).  [Follow directions]",I see myself as someone who  [... is generally trusting],0.8164965809277257
I see myself as someone who  [... is generally trusting],"Consider expectations toward Pepper robot and express how much do you agree with the properties attributed to it (scale: 0%-100%, scroll in to see all the options).  [Follow directions]",0.8164965809277257
openness,"Consider expectations toward Pepper robot and express how much do you agree with the properties attributed to it (scale: 0%-100%, scroll in to see all the options).  [Have errors]",0.8143450710459553
"Consider expectations toward Pepper robot and express how much do you agree with the properties attributed to it (scale: 0%-100%, scroll in to see all the options).  [Have errors]",openness,0.8143450710459553
"Consider expectations toward Pepper robot and express how much do you agree with the properties attributed to it (scale: 0%-100%, scroll in to see all the options).  [Act consistenly]",mean_personality_subj,0.8140915784106958
mean_personality_subj,"Consider expectations toward Pepper robot and express how much do you agree with the properties attributed to it (scale: 0%-100%, scroll in to see all the options).  [Act consistenly]",0.8140915784106958
I see myself as someone who  [... has active imagination],mean_trust_subj,0.8108748672352505
mean_trust_subj,I see myself as someone who  [... has active imagination],0.8108748672352505
I see myself as someone who  [... has few artistic interests],mean_cultural_closeness,0.8081220356417685
mean_cultural_closeness,I see myself as someone who  [... has few artistic interests],0.8081220356417685
"Consider expectations toward Pepper robot and express how much do you agree with the properties attributed to it (scale: 0%-100%, scroll in to see all the options).  [Reliable]",mean_competence,0.8036850414868038
mean_competence,"Consider expectations toward Pepper robot and express how much do you agree with the properties attributed to it (scale: 0%-100%, scroll in to see all the options).  [Reliable]",0.8036850414868038
Which picture best describes the relationship between Pepper and your country? ,mean_personality_subj,0.8031157077540443
mean_personality_subj,Which picture best describes the relationship between Pepper and your country? ,0.8031157077540443
mean_personality_subj,"Consider expectations toward Pepper robot and express how much do you agree with the properties attributed to it (scale: 0%-100%, scroll in to see all the options).  [Dependable]",0.8021806287494243
"Consider expectations toward Pepper robot and express how much do you agree with the properties attributed to it (scale: 0%-100%, scroll in to see all the options).  [Dependable]",mean_personality_subj,0.8021806287494243
mean_personality_subj,"Consider expectations toward Pepper robot and express how much do you agree with the properties attributed to it (scale: 0%-100%, scroll in to see all the options).  [Predictable]",0.8021806287494243
"Consider expectations toward Pepper robot and express how much do you agree with the properties attributed to it (scale: 0%-100%, scroll in to see all the options).  [Predictable]",mean_personality_subj,0.8021806287494243
"Consider expectations toward Pepper robot and express how much do you agree with the properties attributed to it (scale: 0%-100%, scroll in to see all the options).  [Function successfully]",mean_personality_subj,0.8021806287494242
mean_personality_subj,"Consider expectations toward Pepper robot and express how much do you agree with the properties attributed to it (scale: 0%-100%, scroll in to see all the options).  [Function successfully]",0.8021806287494242
extraversion,mean_trust_subj,0.8008111769923096
mean_trust_subj,extraversion,0.8008111769923096
coscientiousness,"I see myself as someone who  [... is ongoing, sociable]",0.8006407690254357
mean_cultural_closeness_subj,coscientiousness,0.8006407690254357
coscientiousness,mean_cultural_closeness_subj,0.8006407690254357
I see myself as someone who  [... is generally trusting],coscientiousness,0.8006407690254357
"I see myself as someone who  [... is ongoing, sociable]",coscientiousness,0.8006407690254357
coscientiousness,I see myself as someone who  [... is generally trusting],0.8006407690254357
mean_personality_subj,"Consider expectations toward Pepper robot and express how much do you agree with the properties attributed to it (scale: 0%-100%, scroll in to see all the options).  [Malfunction]",-0.8003267306650419
"Consider expectations toward Pepper robot and express how much do you agree with the properties attributed to it (scale: 0%-100%, scroll in to see all the options).  [Malfunction]",mean_personality_subj,-0.8003267306650419
Which picture best describes your relationship with Italian or German language?,coscientiousness,-0.8006407690254357
coscientiousness,Which picture best describes your relationship with Italian or German language?,-0.8006407690254357
I see myself as someone who  [... has active imagination],"Consider expectations toward Pepper robot and express how much do you agree with the properties attributed to it (scale: 0%-100%, scroll in to see all the options).  [Perform exactly as instructed]",-0.8046681428225176
"Consider expectations toward Pepper robot and express how much do you agree with the properties attributed to it (scale: 0%-100%, scroll in to see all the options).  [Perform exactly as instructed]",I see myself as someone who  [... has active imagination],-0.8046681428225176
"Consider expectations toward Pepper robot and express how much do you agree with the properties attributed to it (scale: 0%-100%, scroll in to see all the options).  [Malfunction]",agreebleness,-0.8065992869067976
agreebleness,"Consider expectations toward Pepper robot and express how much do you agree with the properties attributed to it (scale: 0%-100%, scroll in to see all the options).  [Malfunction]",-0.8065992869067976
mean_trust_subj,"Consider expectations toward Pepper robot and express how much do you agree with the properties attributed to it (scale: 0%-100%, scroll in to see all the options).  [Predictable]",-0.8116245793402987
"Consider expectations toward Pepper robot and express how much do you agree with the properties attributed to it (scale: 0%-100%, scroll in to see all the options).  [Dependable]",mean_trust_subj,-0.8116245793402987
mean_trust_subj,"Consider expectations toward Pepper robot and express how much do you agree with the properties attributed to it (scale: 0%-100%, scroll in to see all the options).  [Dependable]",-0.8116245793402987
"Consider expectations toward Pepper robot and express how much do you agree with the properties attributed to it (scale: 0%-100%, scroll in to see all the options).  [Predictable]",mean_trust_subj,-0.8116245793402987
"Consider expectations toward Pepper robot and express how much do you agree with the properties attributed to it (scale: 0%-100%, scroll in to see all the options).  [Function successfully]",mean_trust_subj,-0.8116245793402989
mean_trust_subj,"Consider expectations toward Pepper robot and express how much do you agree with the properties attributed to it (scale: 0%-100%, scroll in to see all the options).  [Function successfully]",-0.8116245793402989
"Consider expectations toward Pepper robot and express how much do you agree with the properties attributed to it (scale: 0%-100%, scroll in to see all the options).  [Unresponsive]",Please rate your impression of the robot you just interacted with by selecting a point on the scale between the two adjectives. There are no right or wrong answers. ,-0.816496580927726
Which picture best describes the relationship between Pepper and your national culture? ,I see myself as someone who  [... get nervous easily],-0.816496580927726
Please rate your impression of the robot you just interacted with by selecting a point on the scale between the two adjectives. There are no right or wrong answers. ,"Consider expectations toward Pepper robot and express how much do you agree with the properties attributed to it (scale: 0%-100%, scroll in to see all the options).  [Unresponsive]",-0.816496580927726
I see myself as someone who  [... get nervous easily],Which picture best describes the relationship between Pepper and your national culture? ,-0.816496580927726
Which picture best describes your relationship with Italy or Germany?,"Consider expectations toward Pepper robot and express how much do you agree with the properties attributed to it (scale: 0%-100%, scroll in to see all the options).  [Malfunction]",-0.8164965809277261
"Consider expectations toward Pepper robot and express how much do you agree with the properties attributed to it (scale: 0%-100%, scroll in to see all the options).  [Unresponsive]",Please rate your impression of the robot you just interacted with by selecting a point on the scale between the two adjectives. There are no right or wrong answers. .1,-0.8164965809277261
"Consider expectations toward Pepper robot and express how much do you agree with the properties attributed to it (scale: 0%-100%, scroll in to see all the options).  [Unresponsive]",I see myself as someone who  [... tends to be lazy],-0.8164965809277261
Please rate your impression of the robot you just interacted with by selecting a point on the scale between the two adjectives. There are no right or wrong answers. .1,"Consider expectations toward Pepper robot and express how much do you agree with the properties attributed to it (scale: 0%-100%, scroll in to see all the options).  [Unresponsive]",-0.8164965809277261
"I see myself as someone who  [... is ongoing, sociable]",Please rate your impression of the robot you just interacted with by selecting a point on the scale between the two adjectives. There are no right or wrong answers. .5,-0.8164965809277261
I see myself as someone who  [... has few artistic interests],Which picture best describes your relationship with Italian or German language?,-0.8164965809277261
"Consider expectations toward Pepper robot and express how much do you agree with the properties attributed to it (scale: 0%-100%, scroll in to see all the options).  [Malfunction]",Which picture best describes your relationship with Italy or Germany?,-0.8164965809277261
Which picture best describes your relationship with Italian or German language?,I see myself as someone who  [... has few artistic interests],-0.8164965809277261
Which picture best describes your relationship with Italian or German language?,"Consider expectations toward Pepper robot and express how much do you agree with the properties attributed to it (scale: 0%-100%, scroll in to see all the options).  [Unresponsive]",-0.8164965809277261
Please rate your impression of the robot you just interacted with by selecting a point on the scale between the two adjectives. There are no right or wrong answers. .5,"I see myself as someone who  [... is ongoing, sociable]",-0.8164965809277261
"Consider expectations toward Pepper robot and express how much do you agree with the properties attributed to it (scale: 0%-100%, scroll in to see all the options).  [Unresponsive]",Which picture best describes your relationship with Italian or German language?,-0.8164965809277261
I see myself as someone who  [... tends to be lazy],"Consider expectations toward Pepper robot and express how much do you agree with the properties attributed to it (scale: 0%-100%, scroll in to see all the options).  [Unresponsive]",-0.8164965809277261
mean_competence,"I see myself as someone who  [... is relaxed, handles stress well]",-0.8224861801170381
"I see myself as someone who  [... is relaxed, handles stress well]",mean_competence,-0.8224861801170381
neuroticism,Which picture best describes your relationship with Italian or German Culture?,-0.8273792404018689
Which picture best describes your relationship with Italian or German Culture?,neuroticism,-0.8273792404018689
neuroticism,I see myself as someone who  [... has active imagination],-0.8309943925237004
I see myself as someone who  [... has active imagination],neuroticism,-0.8309943925237004
I see myself as someone who  [... tends to be lazy],Which picture best describes the relationship between Pepper and your national culture? ,-0.8339503888294595
Which picture best describes the relationship between Pepper and your national culture? ,I see myself as someone who  [... tends to be lazy],-0.8339503888294595
Which picture best describes the relationship between Pepper and your national culture? ,Please rate your impression of the robot you just interacted with by selecting a point on the scale between the two adjectives. There are no right or wrong answers. .1,-0.8339503888294596
Please rate your impression of the robot you just interacted with by selecting a point on the scale between the two adjectives. There are no right or wrong answers. .1,Which picture best describes the relationship between Pepper and your national culture? ,-0.8339503888294596
I see myself as someone who  [... tends to be lazy],Which picture best describes the relationship between Pepper and your country? ,-0.838870492807861
Which picture best describes the relationship between Pepper and your country? ,I see myself as someone who  [... tends to be lazy],-0.838870492807861
"I see myself as someone who  [... is relaxed, handles stress well]",I see myself as someone who  [... tends to be lazy],-0.8388704928078611
"I see myself as someone who  [... is relaxed, handles stress well]",Please rate your impression of the robot you just interacted with by selecting a point on the scale between the two adjectives. There are no right or wrong answers. .1,-0.8388704928078611
Please rate your impression of the robot you just interacted with by selecting a point on the scale between the two adjectives. There are no right or wrong answers. .1,"I see myself as someone who  [... is relaxed, handles stress well]",-0.8388704928078611
I see myself as someone who  [... tends to be lazy],"I see myself as someone who  [... is relaxed, handles stress well]",-0.8388704928078611
Please rate your impression of the robot you just interacted with by selecting a point on the scale between the two adjectives. There are no right or wrong answers. .1,Which picture best describes the relationship between Pepper and your country? ,-0.8388704928078612
Which picture best describes the relationship between Pepper and your country? ,Please rate your impression of the robot you just interacted with by selecting a point on the scale between the two adjectives. There are no right or wrong answers. .1,-0.8388704928078612
"Consider expectations toward Pepper robot and express how much do you agree with the properties attributed to it (scale: 0%-100%, scroll in to see all the options).  [Reliable]",I see myself as someone who  [... has active imagination],-0.8411910241920597
openness,"Consider expectations toward Pepper robot and express how much do you agree with the properties attributed to it (scale: 0%-100%, scroll in to see all the options).  [Reliable]",-0.8411910241920597
I see myself as someone who  [... has active imagination],"Consider expectations toward Pepper robot and express how much do you agree with the properties attributed to it (scale: 0%-100%, scroll in to see all the options).  [Reliable]",-0.8411910241920597
"Consider expectations toward Pepper robot and express how much do you agree with the properties attributed to it (scale: 0%-100%, scroll in to see all the options).  [Reliable]",openness,-0.8411910241920597
"I see myself as someone who  [... is relaxed, handles stress well]",Please rate your impression of the robot you just interacted with by selecting a point on the scale between the two adjectives. There are no right or wrong answers. .4,-0.8411910241920598
Please rate your impression of the robot you just interacted with by selecting a point on the scale between the two adjectives. There are no right or wrong answers. .4,openness,-0.8411910241920598
openness,Please rate your impression of the robot you just interacted with by selecting a point on the scale between the two adjectives. There are no right or wrong answers. .4,-0.8411910241920598
Please rate your impression of the robot you just interacted with by selecting a point on the scale between the two adjectives. There are no right or wrong answers. .4,"I see myself as someone who  [... is relaxed, handles stress well]",-0.8411910241920598
Which picture best describes the relationship between Pepper and your national culture? ,neuroticism,-0.8415259932542928
neuroticism,Which picture best describes the relationship between Pepper and your national culture? ,-0.8415259932542928
"Consider expectations toward Pepper robot and express how much do you agree with the properties attributed to it (scale: 0%-100%, scroll in to see all the options).  [Have errors]",Which picture best describes your relationship with Italy or Germany?,-0.8451542547285166
Which picture best describes your relationship with Italy or Germany?,"Consider expectations toward Pepper robot and express how much do you agree with the properties attributed to it (scale: 0%-100%, scroll in to see all the options).  [Have errors]",-0.8451542547285166
mean_trust_subj,Please rate your impression of the robot you just interacted with by selecting a point on the scale between the two adjectives. There are no right or wrong answers. .4,-0.8485192587907876
Please rate your impression of the robot you just interacted with by selecting a point on the scale between the two adjectives. There are no right or wrong answers. .4,mean_trust_subj,-0.8485192587907876
Which picture best describes your relationship with Italian or German Culture?,Please rate your impression of the robot you just interacted with by selecting a point on the scale between the two adjectives. There are no right or wrong answers. .5,-0.8528028654224417
Please rate your impression of the robot you just interacted with by selecting a point on the scale between the two adjectives. There are no right or wrong answers. .5,Which picture best describes your relationship with Italian or German Culture?,-0.8528028654224417
"Consider expectations toward Pepper robot and express how much do you agree with the properties attributed to it (scale: 0%-100%, scroll in to see all the options).  [Unresponsive]",I see myself as someone who  [... is reserved ],-0.8528028654224418
I see myself as someone who  [... is reserved ],"Consider expectations toward Pepper robot and express how much do you agree with the properties attributed to it (scale: 0%-100%, scroll in to see all the options).  [Unresponsive]",-0.8528028654224418
"Consider expectations toward Pepper robot and express how much do you agree with the properties attributed to it (scale: 0%-100%, scroll in to see all the options).  [Unresponsive]",I see myself as someone who  [... get nervous easily],-0.8660254037844386
I see myself as someone who  [... get nervous easily],"Consider expectations toward Pepper robot and express how much do you agree with the properties attributed to it (scale: 0%-100%, scroll in to see all the options).  [Unresponsive]",-0.8660254037844386
"Consider expectations toward Pepper robot and express how much do you agree with the properties attributed to it (scale: 0%-100%, scroll in to see all the options).  [Malfunction]","Consider expectations toward Pepper robot and express how much do you agree with the properties attributed to it (scale: 0%-100%, scroll in to see all the options).  [Follow directions]",-0.8660254037844387
"Consider expectations toward Pepper robot and express how much do you agree with the properties attributed to it (scale: 0%-100%, scroll in to see all the options).  [Follow directions]","Consider expectations toward Pepper robot and express how much do you agree with the properties attributed to it (scale: 0%-100%, scroll in to see all the options).  [Malfunction]",-0.8660254037844387
I see myself as someone who  [... has few artistic interests],I see myself as someone who  [... get nervous easily],-0.8660254037844388
I see myself as someone who  [... get nervous easily],I see myself as someone who  [... has few artistic interests],-0.8660254037844388
"Consider expectations toward Pepper robot and express how much do you agree with the properties attributed to it (scale: 0%-100%, scroll in to see all the options).  [Act consistenly]",mean_trust_subj,-0.8662369267465831
mean_trust_subj,"Consider expectations toward Pepper robot and express how much do you agree with the properties attributed to it (scale: 0%-100%, scroll in to see all the options).  [Act consistenly]",-0.8662369267465831
"Consider expectations toward Pepper robot and express how much do you agree with the properties attributed to it (scale: 0%-100%, scroll in to see all the options).  [Provide Feedback]","Consider expectations toward Pepper robot and express how much do you agree with the properties attributed to it (scale: 0%-100%, scroll in to see all the options).  [Have errors]",-0.8664002254439632
"Consider expectations toward Pepper robot and express how much do you agree with the properties attributed to it (scale: 0%-100%, scroll in to see all the options).  [Have errors]","Consider expectations toward Pepper robot and express how much do you agree with the properties attributed to it (scale: 0%-100%, scroll in to see all the options).  [Provide Feedback]",-0.8664002254439632
"Consider expectations toward Pepper robot and express how much do you agree with the properties attributed to it (scale: 0%-100%, scroll in to see all the options).  [Have errors]",I see myself as someone who  [... does a thorough job],-0.8664002254439634
I see myself as someone who  [... does a thorough job],"Consider expectations toward Pepper robot and express how much do you agree with the properties attributed to it (scale: 0%-100%, scroll in to see all the options).  [Have errors]",-0.8664002254439634
mean_trust_subj,"Consider expectations toward Pepper robot and express how much do you agree with the properties attributed to it (scale: 0%-100%, scroll in to see all the options).  [Meet the needs of the mission]",-0.8672108473669113
"Consider expectations toward Pepper robot and express how much do you agree with the properties attributed to it (scale: 0%-100%, scroll in to see all the options).  [Meet the needs of the mission]",mean_trust_subj,-0.8672108473669113
Which picture best describes your relationship with Italian or German language?,Which picture best describes your relationship with Italian or German Culture?,-0.8703882797784891
Which picture best describes your relationship with Italian or German Culture?,Which picture best describes your relationship with Italian or German language?,-0.8703882797784891
Please rate your impression of the robot you just interacted with by selecting a point on the scale between the two adjectives. There are no right or wrong answers. ,"Consider expectations toward Pepper robot and express how much do you agree with the properties attributed to it (scale: 0%-100%, scroll in to see all the options).  [Have errors]",-0.8783100656536798
"Consider expectations toward Pepper robot and express how much do you agree with the properties attributed to it (scale: 0%-100%, scroll in to see all the options).  [Have errors]",Please rate your impression of the robot you just interacted with by selecting a point on the scale between the two adjectives. There are no right or wrong answers. ,-0.8783100656536798
mean_trust_subj,"Consider expectations toward Pepper robot and express how much do you agree with the properties attributed to it (scale: 0%-100%, scroll in to see all the options).  [Perform exactly as instructed]",-0.8852606212024432
"Consider expectations toward Pepper robot and express how much do you agree with the properties attributed to it (scale: 0%-100%, scroll in to see all the options).  [Perform exactly as instructed]",mean_trust_subj,-0.8852606212024432
openness,mean_competence,-0.8898242299511812
mean_competence,openness,-0.8898242299511812
Please rate your impression of the robot you just interacted with by selecting a point on the scale between the two adjectives. There are no right or wrong answers. .4,extraversion,-0.8944271909999159
extraversion,Please rate your impression of the robot you just interacted with by selecting a point on the scale between the two adjectives. There are no right or wrong answers. .4,-0.8944271909999159
Please rate your impression of the robot you just interacted with by selecting a point on the scale between the two adjectives. There are no right or wrong answers. ,mean_trust_subj,-0.8986999364032264
mean_trust_subj,Please rate your impression of the robot you just interacted with by selecting a point on the scale between the two adjectives. There are no right or wrong answers. ,-0.8986999364032264
openness,"Consider expectations toward Pepper robot and express how much do you agree with the properties attributed to it (scale: 0%-100%, scroll in to see all the options).  [Function successfully]",-0.8992288030258969
"Consider expectations toward Pepper robot and express how much do you agree with the properties attributed to it (scale: 0%-100%, scroll in to see all the options).  [Function successfully]",openness,-0.8992288030258969
I see myself as someone who  [... has active imagination],I see myself as someone who  [... is reserved ],-0.899228803025897
openness,"Consider expectations toward Pepper robot and express how much do you agree with the properties attributed to it (scale: 0%-100%, scroll in to see all the options).  [Dependable]",-0.899228803025897
I see myself as someone who  [... is reserved ],I see myself as someone who  [... has active imagination],-0.899228803025897
openness,"Consider expectations toward Pepper robot and express how much do you agree with the properties attributed to it (scale: 0%-100%, scroll in to see all the options).  [Predictable]",-0.899228803025897
"Consider expectations toward Pepper robot and express how much do you agree with the properties attributed to it (scale: 0%-100%, scroll in to see all the options).  [Predictable]",openness,-0.899228803025897
"Consider expectations toward Pepper robot and express how much do you agree with the properties attributed to it (scale: 0%-100%, scroll in to see all the options).  [Dependable]",openness,-0.899228803025897
mean_cultural_closeness,Which picture best describes your relationship with Italian or German language?,-0.9072647087265547
Which picture best describes your relationship with Italian or German language?,mean_cultural_closeness,-0.9072647087265547
coscientiousness,I see myself as someone who  [... tends to be lazy],-0.9073928715621603
I see myself as someone who  [... tends to be lazy],coscientiousness,-0.9073928715621603
Please rate your impression of the robot you just interacted with by selecting a point on the scale between the two adjectives. There are no right or wrong answers. .1,coscientiousness,-0.9073928715621605
coscientiousness,Please rate your impression of the robot you just interacted with by selecting a point on the scale between the two adjectives. There are no right or wrong answers. .1,-0.9073928715621605
"Consider expectations toward Pepper robot and express how much do you agree with the properties attributed to it (scale: 0%-100%, scroll in to see all the options).  [Malfunction]","Consider expectations toward Pepper robot and express how much do you agree with the properties attributed to it (scale: 0%-100%, scroll in to see all the options).  [Act consistenly]",-0.9128709291752769
"Consider expectations toward Pepper robot and express how much do you agree with the properties attributed to it (scale: 0%-100%, scroll in to see all the options).  [Act consistenly]","Consider expectations toward Pepper robot and express how much do you agree with the properties attributed to it (scale: 0%-100%, scroll in to see all the options).  [Malfunction]",-0.9128709291752769
I see myself as someone who  [... get nervous easily],extraversion,-0.9128709291752769
extraversion,I see myself as someone who  [... get nervous easily],-0.9128709291752769
mean_competence,"Consider expectations toward Pepper robot and express how much do you agree with the properties attributed to it (scale: 0%-100%, scroll in to see all the options).  [Unresponsive]",-0.9191491526597656
"Consider expectations toward Pepper robot and express how much do you agree with the properties attributed to it (scale: 0%-100%, scroll in to see all the options).  [Unresponsive]",mean_competence,-0.9191491526597656
"I see myself as someone who  [... is relaxed, handles stress well]",Please rate your impression of the robot you just interacted with by selecting a point on the scale between the two adjectives. There are no right or wrong answers. .2,-0.9233805168766386
Please rate your impression of the robot you just interacted with by selecting a point on the scale between the two adjectives. There are no right or wrong answers. .2,"I see myself as someone who  [... is relaxed, handles stress well]",-0.9233805168766386
Please rate your impression of the robot you just interacted with by selecting a point on the scale between the two adjectives. There are no right or wrong answers. .2,I see myself as someone who  [... has active imagination],-0.9233805168766388
I see myself as someone who  [... has active imagination],Please rate your impression of the robot you just interacted with by selecting a point on the scale between the two adjectives. There are no right or wrong answers. .2,-0.9233805168766388
Please rate your impression of the robot you just interacted with by selecting a point on the scale between the two adjectives. There are no right or wrong answers. ,openness,-0.9271726499455304
openness,Please rate your impression of the robot you just interacted with by selecting a point on the scale between the two adjectives. There are no right or wrong answers. ,-0.9271726499455304
Please rate your impression of the robot you just interacted with by selecting a point on the scale between the two adjectives. There are no right or wrong answers. ,I see myself as someone who  [... has active imagination],-0.9271726499455305
"I see myself as someone who  [... is relaxed, handles stress well]",Which picture best describes your relationship with Italian or German language?,-0.9271726499455305
I see myself as someone who  [... has active imagination],Please rate your impression of the robot you just interacted with by selecting a point on the scale between the two adjectives. There are no right or wrong answers. ,-0.9271726499455305
Which picture best describes your relationship with Italian or German language?,"I see myself as someone who  [... is relaxed, handles stress well]",-0.9271726499455305
Which picture best describes your relationship with Italian or German language?,Which picture best describes the relationship between Pepper and your country? ,-0.9271726499455306
Which picture best describes the relationship between Pepper and your country? ,Which picture best describes your relationship with Italian or German language?,-0.9271726499455306
"Consider expectations toward Pepper robot and express how much do you agree with the properties attributed to it (scale: 0%-100%, scroll in to see all the options).  [Unresponsive]",neuroticism,-0.9313806308475994
neuroticism,"Consider expectations toward Pepper robot and express how much do you agree with the properties attributed to it (scale: 0%-100%, scroll in to see all the options).  [Unresponsive]",-0.9313806308475994
neuroticism,extraversion,-0.9326733179802504
extraversion,neuroticism,-0.9326733179802504
I see myself as someone who  [... tends to find fault with others],agreebleness,-0.9326733179802505
agreebleness,I see myself as someone who  [... tends to find fault with others],-0.9326733179802505
I see myself as someone who  [... get nervous easily],"I see myself as someone who  [... is relaxed, handles stress well]",-0.9365858115816939
"I see myself as someone who  [... is relaxed, handles stress well]",I see myself as someone who  [... get nervous easily],-0.9365858115816939
openness,"Consider expectations toward Pepper robot and express how much do you agree with the properties attributed to it (scale: 0%-100%, scroll in to see all the options).  [Meet the needs of the mission]",-0.9365858115816942
"Consider expectations toward Pepper robot and express how much do you agree with the properties attributed to it (scale: 0%-100%, scroll in to see all the options).  [Meet the needs of the mission]",openness,-0.9365858115816942
I see myself as someone who  [... is generally trusting],"Consider expectations toward Pepper robot and express how much do you agree with the properties attributed to it (scale: 0%-100%, scroll in to see all the options).  [Malfunction]",-0.9428090415820632
"Consider expectations toward Pepper robot and express how much do you agree with the properties attributed to it (scale: 0%-100%, scroll in to see all the options).  [Malfunction]",I see myself as someone who  [... is generally trusting],-0.9428090415820632
I see myself as someone who  [... get nervous easily],"I see myself as someone who  [... is ongoing, sociable]",-0.9428090415820635
"I see myself as someone who  [... is ongoing, sociable]",I see myself as someone who  [... get nervous easily],-0.9428090415820635
Please rate your impression of the robot you just interacted with by selecting a point on the scale between the two adjectives. There are no right or wrong answers. .4,"Consider expectations toward Pepper robot and express how much do you agree with the properties attributed to it (scale: 0%-100%, scroll in to see all the options).  [Unresponsive]",-0.9428090415820635
"Consider expectations toward Pepper robot and express how much do you agree with the properties attributed to it (scale: 0%-100%, scroll in to see all the options).  [Unresponsive]",Please rate your impression of the robot you just interacted with by selecting a point on the scale between the two adjectives. There are no right or wrong answers. .4,-0.9428090415820635
mean_cultural_closeness_subj,"Consider expectations toward Pepper robot and express how much do you agree with the properties attributed to it (scale: 0%-100%, scroll in to see all the options).  [Malfunction]",-0.9428090415820645
"Consider expectations toward Pepper robot and express how much do you agree with the properties attributed to it (scale: 0%-100%, scroll in to see all the options).  [Malfunction]",mean_cultural_closeness_subj,-0.9428090415820645
extraversion,I see myself as someone who  [... is reserved ],-0.9438798074485389
I see myself as someone who  [... is reserved ],extraversion,-0.9438798074485389
Which picture best describes your relationship with Italian or German Culture?,Please rate your impression of the robot you just interacted with by selecting a point on the scale between the two adjectives. There are no right or wrong answers. .2,-0.9438798074485389
Please rate your impression of the robot you just interacted with by selecting a point on the scale between the two adjectives. There are no right or wrong answers. .2,Which picture best describes your relationship with Italian or German Culture?,-0.9438798074485389
openness,"Consider expectations toward Pepper robot and express how much do you agree with the properties attributed to it (scale: 0%-100%, scroll in to see all the options).  [Perform exactly as instructed]",-0.9446104285307813
"Consider expectations toward Pepper robot and express how much do you agree with the properties attributed to it (scale: 0%-100%, scroll in to see all the options).  [Perform exactly as instructed]",openness,-0.9446104285307813
Please rate your impression of the robot you just interacted with by selecting a point on the scale between the two adjectives. There are no right or wrong answers. .2,"Consider expectations toward Pepper robot and express how much do you agree with the properties attributed to it (scale: 0%-100%, scroll in to see all the options).  [Unresponsive]",-0.9486832980505138
"Consider expectations toward Pepper robot and express how much do you agree with the properties attributed to it (scale: 0%-100%, scroll in to see all the options).  [Unresponsive]",Please rate your impression of the robot you just interacted with by selecting a point on the scale between the two adjectives. There are no right or wrong answers. .2,-0.9486832980505138
Please rate your impression of the robot you just interacted with by selecting a point on the scale between the two adjectives. There are no right or wrong answers. .5,extraversion,-0.9486832980505139
extraversion,Please rate your impression of the robot you just interacted with by selecting a point on the scale between the two adjectives. There are no right or wrong answers. .5,-0.9486832980505139
"I see myself as someone who  [... is ongoing, sociable]",neuroticism,-0.9505863757867169
neuroticism,"I see myself as someone who  [... is ongoing, sociable]",-0.9505863757867169
I see myself as someone who  [... is reserved ],mean_trust_subj,-0.9527766800951333
mean_trust_subj,I see myself as someone who  [... is reserved ],-0.9527766800951333
"Consider expectations toward Pepper robot and express how much do you agree with the properties attributed to it (scale: 0%-100%, scroll in to see all the options).  [Perform exactly as instructed]","Consider expectations toward Pepper robot and express how much do you agree with the properties attributed to it (scale: 0%-100%, scroll in to see all the options).  [Have errors]",-0.9537476351189641
"Consider expectations toward Pepper robot and express how much do you agree with the properties attributed to it (scale: 0%-100%, scroll in to see all the options).  [Have errors]","Consider expectations toward Pepper robot and express how much do you agree with the properties attributed to it (scale: 0%-100%, scroll in to see all the options).  [Perform exactly as instructed]",-0.9537476351189641
"Consider expectations toward Pepper robot and express how much do you agree with the properties attributed to it (scale: 0%-100%, scroll in to see all the options).  [Follow directions]","Consider expectations toward Pepper robot and express how much do you agree with the properties attributed to it (scale: 0%-100%, scroll in to see all the options).  [Have errors]",-0.9561828874675151
"Consider expectations toward Pepper robot and express how much do you agree with the properties attributed to it (scale: 0%-100%, scroll in to see all the options).  [Have errors]","Consider expectations toward Pepper robot and express how much do you agree with the properties attributed to it (scale: 0%-100%, scroll in to see all the options).  [Follow directions]",-0.9561828874675151
"Consider expectations toward Pepper robot and express how much do you agree with the properties attributed to it (scale: 0%-100%, scroll in to see all the options).  [Have errors]","Consider expectations toward Pepper robot and express how much do you agree with the properties attributed to it (scale: 0%-100%, scroll in to see all the options).  [Reliable]",-0.9578414886923188
"Consider expectations toward Pepper robot and express how much do you agree with the properties attributed to it (scale: 0%-100%, scroll in to see all the options).  [Reliable]","Consider expectations toward Pepper robot and express how much do you agree with the properties attributed to it (scale: 0%-100%, scroll in to see all the options).  [Have errors]",-0.9578414886923188
Which picture best describes your relationship with Italian or German language?,Which picture best describes the relationship between Pepper and your national culture? ,-0.9622504486493764
Which picture best describes the relationship between Pepper and your national culture? ,Which picture best describes your relationship with Italian or German language?,-0.9622504486493764
"Consider expectations toward Pepper robot and express how much do you agree with the properties attributed to it (scale: 0%-100%, scroll in to see all the options).  [Meet the needs of the mission]","Consider expectations toward Pepper robot and express how much do you agree with the properties attributed to it (scale: 0%-100%, scroll in to see all the options).  [Have errors]",-0.9660917830792959
"Consider expectations toward Pepper robot and express how much do you agree with the properties attributed to it (scale: 0%-100%, scroll in to see all the options).  [Have errors]","Consider expectations toward Pepper robot and express how much do you agree with the properties attributed to it (scale: 0%-100%, scroll in to see all the options).  [Meet the needs of the mission]",-0.9660917830792959
I see myself as someone who  [... has active imagination],mean_competence,-0.9667820011902026
mean_competence,I see myself as someone who  [... has active imagination],-0.9667820011902026
"Consider expectations toward Pepper robot and express how much do you agree with the properties attributed to it (scale: 0%-100%, scroll in to see all the options).  [Follow directions]",mean_trust_subj,-0.9682657304472664
mean_trust_subj,"Consider expectations toward Pepper robot and express how much do you agree with the properties attributed to it (scale: 0%-100%, scroll in to see all the options).  [Follow directions]",-0.9682657304472664
"Consider expectations toward Pepper robot and express how much do you agree with the properties attributed to it (scale: 0%-100%, scroll in to see all the options).  [Function successfully]","Consider expectations toward Pepper robot and express how much do you agree with the properties attributed to it (scale: 0%-100%, scroll in to see all the options).  [Have errors]",-0.9683296637314882
"Consider expectations toward Pepper robot and express how much do you agree with the properties attributed to it (scale: 0%-100%, scroll in to see all the options).  [Have errors]","Consider expectations toward Pepper robot and express how much do you agree with the properties attributed to it (scale: 0%-100%, scroll in to see all the options).  [Function successfully]",-0.9683296637314882
"Consider expectations toward Pepper robot and express how much do you agree with the properties attributed to it (scale: 0%-100%, scroll in to see all the options).  [Have errors]","Consider expectations toward Pepper robot and express how much do you agree with the properties attributed to it (scale: 0%-100%, scroll in to see all the options).  [Dependable]",-0.9683296637314885
"Consider expectations toward Pepper robot and express how much do you agree with the properties attributed to it (scale: 0%-100%, scroll in to see all the options).  [Dependable]","Consider expectations toward Pepper robot and express how much do you agree with the properties attributed to it (scale: 0%-100%, scroll in to see all the options).  [Have errors]",-0.9683296637314885
"Consider expectations toward Pepper robot and express how much do you agree with the properties attributed to it (scale: 0%-100%, scroll in to see all the options).  [Have errors]","Consider expectations toward Pepper robot and express how much do you agree with the properties attributed to it (scale: 0%-100%, scroll in to see all the options).  [Predictable]",-0.9683296637314885
"Consider expectations toward Pepper robot and express how much do you agree with the properties attributed to it (scale: 0%-100%, scroll in to see all the options).  [Predictable]","Consider expectations toward Pepper robot and express how much do you agree with the properties attributed to it (scale: 0%-100%, scroll in to see all the options).  [Have errors]",-0.9683296637314885
Please rate your impression of the robot you just interacted with by selecting a point on the scale between the two adjectives. There are no right or wrong answers. .5,I see myself as someone who  [... has active imagination],-0.9733285267845752
I see myself as someone who  [... has active imagination],Please rate your impression of the robot you just interacted with by selecting a point on the scale between the two adjectives. There are no right or wrong answers. .5,-0.9733285267845752
"I see myself as someone who  [... is relaxed, handles stress well]",Please rate your impression of the robot you just interacted with by selecting a point on the scale between the two adjectives. There are no right or wrong answers. .5,-0.9733285267845753
Please rate your impression of the robot you just interacted with by selecting a point on the scale between the two adjectives. There are no right or wrong answers. .5,"I see myself as someone who  [... is relaxed, handles stress well]",-0.9733285267845753
"Consider expectations toward Pepper robot and express how much do you agree with the properties attributed to it (scale: 0%-100%, scroll in to see all the options).  [Reliable]",mean_trust_subj,-0.9753094928629739
mean_trust_subj,"Consider expectations toward Pepper robot and express how much do you agree with the properties attributed to it (scale: 0%-100%, scroll in to see all the options).  [Reliable]",-0.9753094928629739
neuroticism,"I see myself as someone who  [... is relaxed, handles stress well]",-0.9820842820734641
"I see myself as someone who  [... is relaxed, handles stress well]",neuroticism,-0.9820842820734641
"Consider expectations toward Pepper robot and express how much do you agree with the properties attributed to it (scale: 0%-100%, scroll in to see all the options).  [Act consistenly]","Consider expectations toward Pepper robot and express how much do you agree with the properties attributed to it (scale: 0%-100%, scroll in to see all the options).  [Have errors]",-0.982707629823991
"Consider expectations toward Pepper robot and express how much do you agree with the properties attributed to it (scale: 0%-100%, scroll in to see all the options).  [Have errors]","Consider expectations toward Pepper robot and express how much do you agree with the properties attributed to it (scale: 0%-100%, scroll in to see all the options).  [Act consistenly]",-0.982707629823991
"Consider expectations toward Pepper robot and express how much do you agree with the properties attributed to it (scale: 0%-100%, scroll in to see all the options).  [Provide Feedback]","Consider expectations toward Pepper robot and express how much do you agree with the properties attributed to it (scale: 0%-100%, scroll in to see all the options).  [Malfunction]",-0.9847319278346618
I see myself as someone who  [... does a thorough job],"Consider expectations toward Pepper robot and express how much do you agree with the properties attributed to it (scale: 0%-100%, scroll in to see all the options).  [Malfunction]",-0.9847319278346618
"Consider expectations toward Pepper robot and express how much do you agree with the properties attributed to it (scale: 0%-100%, scroll in to see all the options).  [Malfunction]","Consider expectations toward Pepper robot and express how much do you agree with the properties attributed to it (scale: 0%-100%, scroll in to see all the options).  [Provide Feedback]",-0.9847319278346618
"Consider expectations toward Pepper robot and express how much do you agree with the properties attributed to it (scale: 0%-100%, scroll in to see all the options).  [Malfunction]",I see myself as someone who  [... does a thorough job],-0.9847319278346618
Which picture best describes your relationship with Italian or German Culture?,I see myself as someone who  [... tends to be lazy],-0.9864400504156209
Please rate your impression of the robot you just interacted with by selecting a point on the scale between the two adjectives. There are no right or wrong answers. .1,Which picture best describes your relationship with Italian or German Culture?,-0.9864400504156209
Which picture best describes your relationship with Italian or German Culture?,Please rate your impression of the robot you just interacted with by selecting a point on the scale between the two adjectives. There are no right or wrong answers. .1,-0.9864400504156209
I see myself as someone who  [... tends to be lazy],Which picture best describes your relationship with Italian or German Culture?,-0.9864400504156209
Please rate your impression of the robot you just interacted with by selecting a point on the scale between the two adjectives. There are no right or wrong answers. .4,I see myself as someone who  [... has active imagination],-0.9941348467724342
I see myself as someone who  [... has active imagination],Please rate your impression of the robot you just interacted with by selecting a point on the scale between the two adjectives. There are no right or wrong answers. .4,-0.9941348467724342
"I see myself as someone who  [... is ongoing, sociable]",Which picture best describes your relationship with Italian or German language?,-1.0
Please rate your impression of the robot you just interacted with by selecting a point on the scale between the two adjectives. There are no right or wrong answers. .5,"Consider expectations toward Pepper robot and express how much do you agree with the properties attributed to it (scale: 0%-100%, scroll in to see all the options).  [Unresponsive]",-1.0
"Consider expectations toward Pepper robot and express how much do you agree with the properties attributed to it (scale: 0%-100%, scroll in to see all the options).  [Unresponsive]",Please rate your impression of the robot you just interacted with by selecting a point on the scale between the two adjectives. There are no right or wrong answers. .5,-1.0
Which picture best describes your relationship with Italian or German language?,"I see myself as someone who  [... is ongoing, sociable]",-1.0
